   縣市,   鄉鎮市區,鄉鎮市區名稱,   候選人號次,   姓名,   得票數,   當選註記,   得票率
臺北市,10,松山區,1,吳蕚洋,428,,0.4
臺北市,10,松山區,2,丁守中,46381,,43.36
臺北市,10,松山區,3,姚文智,17387,,16.25
臺北市,10,松山區,4,柯文哲,42356,*,39.6
臺北市,10,松山區,5,李錫錕,420,,0.39
臺北市,20,信義區,1,吳蕚洋,502,,0.41
臺北市,20,信義區,2,丁守中,53955,,43.99
臺北市,20,信義區,3,姚文智,19934,,16.25
臺北市,20,信義區,4,柯文哲,47762,*,38.94
臺北市,20,信義區,5,李錫錕,512,,0.42
臺北市,30,大安區,1,吳蕚洋,585,,0.37
臺北市,30,大安區,2,丁守中,72325,,45.73
臺北市,30,大安區,3,姚文智,23651,,14.95
臺北市,30,大安區,4,柯文哲,60939,*,38.53
臺北市,30,大安區,5,李錫錕,662,,0.42
臺北市,40,中山區,1,吳蕚洋,476,,0.39
臺北市,40,中山區,2,丁守中,46746,,38.38
臺北市,40,中山區,3,姚文智,23483,,19.28
臺北市,40,中山區,4,柯文哲,50604,*,41.55
臺北市,40,中山區,5,李錫錕,491,,0.4
臺北市,50,中正區,1,吳蕚洋,370,,0.46
臺北市,50,中正區,2,丁守中,33897,,41.83
臺北市,50,中正區,3,姚文智,12633,,15.59
臺北市,50,中正區,4,柯文哲,33752,*,41.65
臺北市,50,中正區,5,李錫錕,378,,0.47
臺北市,60,大同區,1,吳蕚洋,266,,0.38
臺北市,60,大同區,2,丁守中,20763,,29.69
臺北市,60,大同區,3,姚文智,16896,,24.16
臺北市,60,大同區,4,柯文哲,31679,*,45.29
臺北市,60,大同區,5,李錫錕,339,,0.48
臺北市,70,萬華區,1,吳蕚洋,427,,0.41
臺北市,70,萬華區,2,丁守中,38666,,37.05
臺北市,70,萬華區,3,姚文智,21400,,20.5
臺北市,70,萬華區,4,柯文哲,43411,*,41.59
臺北市,70,萬華區,5,李錫錕,464,,0.44
臺北市,80,文山區,1,吳蕚洋,707,,0.49
臺北市,80,文山區,2,丁守中,68586,,47.15
臺北市,80,文山區,3,姚文智,18985,,13.05
臺北市,80,文山區,4,柯文哲,56479,*,38.83
臺北市,80,文山區,5,李錫錕,713,,0.49
臺北市,90,南港區,1,吳蕚洋,287,,0.43
臺北市,90,南港區,2,丁守中,26282,,39.45
臺北市,90,南港區,3,姚文智,10830,,16.26
臺北市,90,南港區,4,柯文哲,28896,*,43.37
臺北市,90,南港區,5,李錫錕,325,,0.49
臺北市,100,內湖區,1,吳蕚洋,548,,0.37
臺北市,100,內湖區,2,丁守中,61566,,41.02
臺北市,100,內湖區,3,姚文智,21746,,14.49
臺北市,100,內湖區,4,柯文哲,65599,*,43.7
臺北市,100,內湖區,5,李錫錕,639,,0.43
臺北市,110,士林區,1,吳蕚洋,522,,0.34
臺北市,110,士林區,2,丁守中,55954,,36.46
臺北市,110,士林區,3,姚文智,33110,,21.57
臺北市,110,士林區,4,柯文哲,63247,*,41.21
臺北市,110,士林區,5,李錫錕,651,,0.42
臺北市,120,北投區,1,吳蕚洋,499,,0.37
臺北市,120,北投區,2,丁守中,52445,,39.08
臺北市,120,北投區,3,姚文智,24586,,18.32
臺北市,120,北投區,4,柯文哲,56096,*,41.8
臺北市,120,北投區,5,李錫錕,578,,0.43
高雄市,10,鹽埕區,1,韓國瑜,7633,*,48.28
高雄市,10,鹽埕區,2,陳其邁,7992,,50.55
高雄市,10,鹽埕區,3,璩美鳳,71,,0.45
高雄市,10,鹽埕區,4,蘇盈貴,113,,0.71
高雄市,20,鼓山區,1,韓國瑜,45816,*,57.04
高雄市,20,鼓山區,2,陳其邁,33547,,41.77
高雄市,20,鼓山區,3,璩美鳳,267,,0.33
高雄市,20,鼓山區,4,蘇盈貴,691,,0.86
高雄市,30,左營區,1,韓國瑜,68255,*,61.99
高雄市,30,左營區,2,陳其邁,40526,,36.81
高雄市,30,左營區,3,璩美鳳,346,,0.31
高雄市,30,左營區,4,蘇盈貴,978,,0.89
高雄市,40,楠梓區,1,韓國瑜,59478,*,56.58
高雄市,40,楠梓區,2,陳其邁,44288,,42.13
高雄市,40,楠梓區,3,璩美鳳,379,,0.36
高雄市,40,楠梓區,4,蘇盈貴,973,,0.93
高雄市,50,三民區,1,韓國瑜,105406,*,52.79
高雄市,50,三民區,2,陳其邁,91617,,45.88
高雄市,50,三民區,3,璩美鳳,772,,0.39
高雄市,50,三民區,4,蘇盈貴,1872,,0.94
高雄市,60,新興區,1,韓國瑜,16776,*,53.34
高雄市,60,新興區,2,陳其邁,14237,,45.26
高雄市,60,新興區,3,璩美鳳,107,,0.34
高雄市,60,新興區,4,蘇盈貴,334,,1.06
高雄市,70,前金區,1,韓國瑜,9120,*,53.83
高雄市,70,前金區,2,陳其邁,7608,,44.91
高雄市,70,前金區,3,璩美鳳,53,,0.31
高雄市,70,前金區,4,蘇盈貴,161,,0.95
高雄市,80,苓雅區,1,韓國瑜,57171,*,54.6
高雄市,80,苓雅區,2,陳其邁,46041,,43.97
高雄市,80,苓雅區,3,璩美鳳,401,,0.38
高雄市,80,苓雅區,4,蘇盈貴,1098,,1.05
高雄市,90,前鎮區,1,韓國瑜,59572,*,52.53
高雄市,90,前鎮區,2,陳其邁,52376,,46.19
高雄市,90,前鎮區,3,璩美鳳,472,,0.42
高雄市,90,前鎮區,4,蘇盈貴,982,,0.87
高雄市,100,旗津區,1,韓國瑜,7993,*,45.49
高雄市,100,旗津區,2,陳其邁,9360,,53.27
高雄市,100,旗津區,3,璩美鳳,95,,0.54
高雄市,100,旗津區,4,蘇盈貴,124,,0.71
高雄市,110,小港區,1,韓國瑜,47806,*,51.7
高雄市,110,小港區,2,陳其邁,43464,,47
高雄市,110,小港區,3,璩美鳳,433,,0.47
高雄市,110,小港區,4,蘇盈貴,764,,0.83
高雄市,120,鳳山區,1,韓國瑜,118466,*,56.54
高雄市,120,鳳山區,2,陳其邁,88437,,42.21
高雄市,120,鳳山區,3,璩美鳳,881,,0.42
高雄市,120,鳳山區,4,蘇盈貴,1739,,0.83
高雄市,130,林園區,1,韓國瑜,20149,*,47.4
高雄市,130,林園區,2,陳其邁,21847,,51.4
高雄市,130,林園區,3,璩美鳳,219,,0.52
高雄市,130,林園區,4,蘇盈貴,293,,0.69
高雄市,140,大寮區,1,韓國瑜,35636,*,52.17
高雄市,140,大寮區,2,陳其邁,31773,,46.51
高雄市,140,大寮區,3,璩美鳳,372,,0.54
高雄市,140,大寮區,4,蘇盈貴,533,,0.78
高雄市,150,大樹區,1,韓國瑜,12945,*,48.33
高雄市,150,大樹區,2,陳其邁,13493,,50.38
高雄市,150,大樹區,3,璩美鳳,174,,0.65
高雄市,150,大樹區,4,蘇盈貴,173,,0.65
高雄市,160,大社區,1,韓國瑜,10378,*,48.89
高雄市,160,大社區,2,陳其邁,10512,,49.52
高雄市,160,大社區,3,璩美鳳,142,,0.67
高雄市,160,大社區,4,蘇盈貴,197,,0.93
高雄市,170,仁武區,1,韓國瑜,26659,*,51.4
高雄市,170,仁武區,2,陳其邁,24543,,47.32
高雄市,170,仁武區,3,璩美鳳,250,,0.48
高雄市,170,仁武區,4,蘇盈貴,412,,0.79
高雄市,180,鳥松區,1,韓國瑜,14410,*,52.23
高雄市,180,鳥松區,2,陳其邁,12806,,46.42
高雄市,180,鳥松區,3,璩美鳳,115,,0.42
高雄市,180,鳥松區,4,蘇盈貴,258,,0.94
高雄市,190,岡山區,1,韓國瑜,32410,*,54.93
高雄市,190,岡山區,2,陳其邁,25829,,43.78
高雄市,190,岡山區,3,璩美鳳,313,,0.53
高雄市,190,岡山區,4,蘇盈貴,446,,0.76
高雄市,200,橋頭區,1,韓國瑜,10888,*,44.45
高雄市,200,橋頭區,2,陳其邁,13256,,54.11
高雄市,200,橋頭區,3,璩美鳳,146,,0.6
高雄市,200,橋頭區,4,蘇盈貴,207,,0.85
高雄市,210,燕巢區,1,韓國瑜,9448,*,50.88
高雄市,210,燕巢區,2,陳其邁,8871,,47.77
高雄市,210,燕巢區,3,璩美鳳,120,,0.65
高雄市,210,燕巢區,4,蘇盈貴,130,,0.7
高雄市,220,田寮區,1,韓國瑜,2252,*,43.58
高雄市,220,田寮區,2,陳其邁,2768,,53.56
高雄市,220,田寮區,3,璩美鳳,135,,2.61
高雄市,220,田寮區,4,蘇盈貴,13,,0.25
高雄市,230,阿蓮區,1,韓國瑜,8322,*,47.12
高雄市,230,阿蓮區,2,陳其邁,8958,,50.72
高雄市,230,阿蓮區,3,璩美鳳,254,,1.44
高雄市,230,阿蓮區,4,蘇盈貴,126,,0.71
高雄市,240,路竹區,1,韓國瑜,16545,*,52.43
高雄市,240,路竹區,2,陳其邁,14407,,45.66
高雄市,240,路竹區,3,璩美鳳,319,,1.01
高雄市,240,路竹區,4,蘇盈貴,284,,0.9
高雄市,250,湖內區,1,韓國瑜,9133,*,49.67
高雄市,250,湖內區,2,陳其邁,8903,,48.42
高雄市,250,湖內區,3,璩美鳳,187,,1.02
高雄市,250,湖內區,4,蘇盈貴,164,,0.89
高雄市,260,茄萣區,1,韓國瑜,8662,*,47.72
高雄市,260,茄萣區,2,陳其邁,9209,,50.74
高雄市,260,茄萣區,3,璩美鳳,152,,0.84
高雄市,260,茄萣區,4,蘇盈貴,127,,0.7
高雄市,270,永安區,1,韓國瑜,4545,*,49.62
高雄市,270,永安區,2,陳其邁,4478,,48.89
高雄市,270,永安區,3,璩美鳳,61,,0.67
高雄市,270,永安區,4,蘇盈貴,76,,0.83
高雄市,280,彌陀區,1,韓國瑜,6756,*,52.77
高雄市,280,彌陀區,2,陳其邁,5871,,45.86
高雄市,280,彌陀區,3,璩美鳳,86,,0.67
高雄市,280,彌陀區,4,蘇盈貴,89,,0.7
高雄市,290,梓官區,1,韓國瑜,10509,*,46.81
高雄市,290,梓官區,2,陳其邁,11646,,51.87
高雄市,290,梓官區,3,璩美鳳,129,,0.57
高雄市,290,梓官區,4,蘇盈貴,168,,0.75
高雄市,300,旗山區,1,韓國瑜,12379,*,52.34
高雄市,300,旗山區,2,陳其邁,10940,,46.26
高雄市,300,旗山區,3,璩美鳳,155,,0.66
高雄市,300,旗山區,4,蘇盈貴,177,,0.75
高雄市,310,美濃區,1,韓國瑜,15478,*,61.09
高雄市,310,美濃區,2,陳其邁,9546,,37.68
高雄市,310,美濃區,3,璩美鳳,125,,0.49
高雄市,310,美濃區,4,蘇盈貴,186,,0.73
高雄市,320,六龜區,1,韓國瑜,4084,*,54.29
高雄市,320,六龜區,2,陳其邁,3315,,44.07
高雄市,320,六龜區,3,璩美鳳,64,,0.85
高雄市,320,六龜區,4,蘇盈貴,59,,0.78
高雄市,330,甲仙區,1,韓國瑜,2339,*,60.17
高雄市,330,甲仙區,2,陳其邁,1483,,38.15
高雄市,330,甲仙區,3,璩美鳳,35,,0.9
高雄市,330,甲仙區,4,蘇盈貴,30,,0.77
高雄市,340,杉林區,1,韓國瑜,4129,*,56.45
高雄市,340,杉林區,2,陳其邁,3076,,42.05
高雄市,340,杉林區,3,璩美鳳,53,,0.72
高雄市,340,杉林區,4,蘇盈貴,57,,0.78
高雄市,350,內門區,1,韓國瑜,5446,*,53.81
高雄市,350,內門區,2,陳其邁,4510,,44.57
高雄市,350,內門區,3,璩美鳳,85,,0.84
高雄市,350,內門區,4,蘇盈貴,79,,0.78
高雄市,360,茂林區,1,韓國瑜,1281,*,91.83
高雄市,360,茂林區,2,陳其邁,107,,7.67
高雄市,360,茂林區,3,璩美鳳,6,,0.43
高雄市,360,茂林區,4,蘇盈貴,1,,0.07
高雄市,370,桃源區,1,韓國瑜,2519,*,88.51
高雄市,370,桃源區,2,陳其邁,304,,10.68
高雄市,370,桃源區,3,璩美鳳,14,,0.49
高雄市,370,桃源區,4,蘇盈貴,9,,0.32
高雄市,380,那瑪夏區,1,韓國瑜,1751,*,85.08
高雄市,380,那瑪夏區,2,陳其邁,295,,14.33
高雄市,380,那瑪夏區,3,璩美鳳,10,,0.49
高雄市,380,那瑪夏區,4,蘇盈貴,2,,0.1
新北市,10,板橋區,1,蘇貞昌,131905,,46.03
新北市,10,板橋區,2,侯友宜,154687,*,53.97
新北市,20,三重區,1,蘇貞昌,100823,,50.22
新北市,20,三重區,2,侯友宜,99925,*,49.78
新北市,30,中和區,1,蘇貞昌,80552,,36.69
新北市,30,中和區,2,侯友宜,139022,*,63.31
新北市,40,永和區,1,蘇貞昌,38286,,32.54
新北市,40,永和區,2,侯友宜,79362,*,67.46
新北市,50,新莊區,1,蘇貞昌,101046,,48.28
新北市,50,新莊區,2,侯友宜,108240,*,51.72
新北市,60,新店區,1,蘇貞昌,49933,,31.27
新北市,60,新店區,2,侯友宜,109759,*,68.73
新北市,70,樹林區,1,蘇貞昌,41600,,45.87
新北市,70,樹林區,2,侯友宜,49090,*,54.13
新北市,80,鶯歌區,1,蘇貞昌,20360,,46.51
新北市,80,鶯歌區,2,侯友宜,23419,*,53.49
新北市,90,三峽區,1,蘇貞昌,23653,,42.64
新北市,90,三峽區,2,侯友宜,31822,*,57.36
新北市,100,淡水區,1,蘇貞昌,33763,,39.67
新北市,100,淡水區,2,侯友宜,51336,*,60.33
新北市,110,汐止區,1,蘇貞昌,38639,,38.72
新北市,110,汐止區,2,侯友宜,61139,*,61.28
新北市,120,瑞芳區,1,蘇貞昌,8038,,37.51
新北市,120,瑞芳區,2,侯友宜,13393,*,62.49
新北市,130,土城區,1,蘇貞昌,51932,,43.85
新北市,130,土城區,2,侯友宜,66487,*,56.15
新北市,140,蘆洲區,1,蘇貞昌,48350,,50.56
新北市,140,蘆洲區,2,侯友宜,47271,*,49.44
新北市,150,五股區,1,蘇貞昌,20372,,47.77
新北市,150,五股區,2,侯友宜,22276,*,52.23
新北市,160,泰山區,1,蘇貞昌,17627,,45.77
新北市,160,泰山區,2,侯友宜,20885,*,54.23
新北市,170,林口區,1,蘇貞昌,20883,,40.92
新北市,170,林口區,2,侯友宜,30150,*,59.08
新北市,180,深坑區,1,蘇貞昌,5153,,40.03
新北市,180,深坑區,2,侯友宜,7720,*,59.97
新北市,190,石碇區,1,蘇貞昌,2488,,52.27
新北市,190,石碇區,2,侯友宜,2272,*,47.73
新北市,200,坪林區,1,蘇貞昌,2255,,55.46
新北市,200,坪林區,2,侯友宜,1811,*,44.54
新北市,210,三芝區,1,蘇貞昌,4915,,40.6
新北市,210,三芝區,2,侯友宜,7191,*,59.4
新北市,220,石門區,1,蘇貞昌,2928,,41.3
新北市,220,石門區,2,侯友宜,4162,*,58.7
新北市,230,八里區,1,蘇貞昌,8982,,46
新北市,230,八里區,2,侯友宜,10545,*,54
新北市,240,平溪區,1,蘇貞昌,1417,,46.72
新北市,240,平溪區,2,侯友宜,1616,*,53.28
新北市,250,雙溪區,1,蘇貞昌,2423,,44.18
新北市,250,雙溪區,2,侯友宜,3062,*,55.82
新北市,260,貢寮區,1,蘇貞昌,3698,,54.21
新北市,260,貢寮區,2,侯友宜,3123,*,45.79
新北市,270,金山區,1,蘇貞昌,5344,,46.11
新北市,270,金山區,2,侯友宜,6246,*,53.89
新北市,280,萬里區,1,蘇貞昌,4928,,42.95
新北市,280,萬里區,2,侯友宜,6547,*,57.05
新北市,290,烏來區,1,蘇貞昌,1399,,35.23
新北市,290,烏來區,2,侯友宜,2572,*,64.77
臺中市,10,中區,1,宋原通,86,,0.94
臺中市,10,中區,2,林佳龍,4173,,45.77
臺中市,10,中區,3,盧秀燕,4859,*,53.29
臺中市,20,東區,1,宋原通,458,,1.1
臺中市,20,東區,2,林佳龍,19078,,45.87
臺中市,20,東區,3,盧秀燕,22055,*,53.03
臺中市,30,南區,1,宋原通,658,,0.99
臺中市,30,南區,2,林佳龍,28330,,42.77
臺中市,30,南區,3,盧秀燕,37250,*,56.24
臺中市,40,西區,1,宋原通,618,,1.03
臺中市,40,西區,2,林佳龍,25616,,42.86
臺中市,40,西區,3,盧秀燕,33534,*,56.11
臺中市,50,北區,1,宋原通,745,,0.97
臺中市,50,北區,2,林佳龍,30187,,39.36
臺中市,50,北區,3,盧秀燕,45769,*,59.67
臺中市,60,西屯區,1,宋原通,1083,,0.97
臺中市,60,西屯區,2,林佳龍,43307,,38.73
臺中市,60,西屯區,3,盧秀燕,67437,*,60.3
臺中市,70,南屯區,1,宋原通,914,,1.08
臺中市,70,南屯區,2,林佳龍,34396,,40.73
臺中市,70,南屯區,3,盧秀燕,49134,*,58.19
臺中市,80,北屯區,1,宋原通,1268,,0.91
臺中市,80,北屯區,2,林佳龍,53504,,38.42
臺中市,80,北屯區,3,盧秀燕,84485,*,60.67
臺中市,90,豐原區,1,宋原通,986,,1.1
臺中市,90,豐原區,2,林佳龍,42504,,47.27
臺中市,90,豐原區,3,盧秀燕,46436,*,51.64
臺中市,100,東勢區,1,宋原通,330,,1.13
臺中市,100,東勢區,2,林佳龍,10727,,36.64
臺中市,100,東勢區,3,盧秀燕,18216,*,62.23
臺中市,110,大甲區,1,宋原通,484,,1.15
臺中市,110,大甲區,2,林佳龍,18523,,44.14
臺中市,110,大甲區,3,盧秀燕,22958,*,54.71
臺中市,120,清水區,1,宋原通,525,,1.07
臺中市,120,清水區,2,林佳龍,22912,,46.8
臺中市,120,清水區,3,盧秀燕,25523,*,52.13
臺中市,130,沙鹿區,1,宋原通,530,,1.1
臺中市,130,沙鹿區,2,林佳龍,20835,,43.27
臺中市,130,沙鹿區,3,盧秀燕,26784,*,55.63
臺中市,140,梧棲區,1,宋原通,365,,1.19
臺中市,140,梧棲區,2,林佳龍,14663,,47.67
臺中市,140,梧棲區,3,盧秀燕,15729,*,51.14
臺中市,150,后里區,1,宋原通,420,,1.36
臺中市,150,后里區,2,林佳龍,12815,,41.46
臺中市,150,后里區,3,盧秀燕,17677,*,57.18
臺中市,160,神岡區,1,宋原通,424,,1.16
臺中市,160,神岡區,2,林佳龍,18095,,49.65
臺中市,160,神岡區,3,盧秀燕,17928,*,49.19
臺中市,170,潭子區,1,宋原通,581,,1.01
臺中市,170,潭子區,2,林佳龍,24836,,43.3
臺中市,170,潭子區,3,盧秀燕,31938,*,55.68
臺中市,180,大雅區,1,宋原通,592,,1.21
臺中市,180,大雅區,2,林佳龍,20342,,41.74
臺中市,180,大雅區,3,盧秀燕,27797,*,57.04
臺中市,190,新社區,1,宋原通,209,,1.39
臺中市,190,新社區,2,林佳龍,6009,,40.1
臺中市,190,新社區,3,盧秀燕,8767,*,58.51
臺中市,200,石岡區,1,宋原通,110,,1.21
臺中市,200,石岡區,2,林佳龍,3571,,39.35
臺中市,200,石岡區,3,盧秀燕,5393,*,59.43
臺中市,210,外埔區,1,宋原通,215,,1.17
臺中市,210,外埔區,2,林佳龍,7124,,38.76
臺中市,210,外埔區,3,盧秀燕,11040,*,60.07
臺中市,220,大安區,1,宋原通,148,,1.24
臺中市,220,大安區,2,林佳龍,5009,,42.13
臺中市,220,大安區,3,盧秀燕,6732,*,56.62
臺中市,230,烏日區,1,宋原通,465,,1.15
臺中市,230,烏日區,2,林佳龍,16911,,41.93
臺中市,230,烏日區,3,盧秀燕,22951,*,56.91
臺中市,240,大肚區,1,宋原通,388,,1.22
臺中市,240,大肚區,2,林佳龍,13558,,42.68
臺中市,240,大肚區,3,盧秀燕,17821,*,56.1
臺中市,250,龍井區,1,宋原通,572,,1.38
臺中市,250,龍井區,2,林佳龍,18048,,43.62
臺中市,250,龍井區,3,盧秀燕,22757,*,55
臺中市,260,霧峰區,1,宋原通,415,,1.11
臺中市,260,霧峰區,2,林佳龍,16151,,43.07
臺中市,260,霧峰區,3,盧秀燕,20936,*,55.83
臺中市,270,太平區,1,宋原通,1057,,1.12
臺中市,270,太平區,2,林佳龍,40025,,42.27
臺中市,270,太平區,3,盧秀燕,53613,*,56.62
臺中市,280,大里區,1,宋原通,1202,,1.14
臺中市,280,大里區,2,林佳龍,46571,,44.23
臺中市,280,大里區,3,盧秀燕,57527,*,54.63
臺中市,290,和平區,1,宋原通,71,,1.01
臺中市,290,和平區,2,林佳龍,2035,,28.84
臺中市,290,和平區,3,盧秀燕,4950,*,70.15
臺南市,10,新營區,1,黃偉哲,13462,*,35.26
臺南市,10,新營區,2,高思博,14120,,36.98
臺南市,10,新營區,3,林義豐,4359,,11.42
臺南市,10,新營區,4,許忠信,1616,,4.23
臺南市,10,新營區,5,陳永和,3176,,8.32
臺南市,10,新營區,6,蘇煥智,1448,,3.79
臺南市,20,鹽水區,1,黃偉哲,6555,*,45.92
臺南市,20,鹽水區,2,高思博,3981,,27.89
臺南市,20,鹽水區,3,林義豐,1618,,11.33
臺南市,20,鹽水區,4,許忠信,566,,3.96
臺南市,20,鹽水區,5,陳永和,862,,6.04
臺南市,20,鹽水區,6,蘇煥智,694,,4.86
臺南市,30,白河區,1,黃偉哲,7130,*,46.44
臺南市,30,白河區,2,高思博,4715,,30.71
臺南市,30,白河區,3,林義豐,1371,,8.93
臺南市,30,白河區,4,許忠信,562,,3.66
臺南市,30,白河區,5,陳永和,705,,4.59
臺南市,30,白河區,6,蘇煥智,871,,5.67
臺南市,40,柳營區,1,黃偉哲,5212,*,42.68
臺南市,40,柳營區,2,高思博,3630,,29.72
臺南市,40,柳營區,3,林義豐,1578,,12.92
臺南市,40,柳營區,4,許忠信,506,,4.14
臺南市,40,柳營區,5,陳永和,777,,6.36
臺南市,40,柳營區,6,蘇煥智,510,,4.18
臺南市,50,後壁區,1,黃偉哲,6345,*,45.95
臺南市,50,後壁區,2,高思博,3940,,28.53
臺南市,50,後壁區,3,林義豐,1458,,10.56
臺南市,50,後壁區,4,許忠信,552,,4
臺南市,50,後壁區,5,陳永和,662,,4.79
臺南市,50,後壁區,6,蘇煥智,852,,6.17
臺南市,60,東山區,1,黃偉哲,4627,*,42.01
臺南市,60,東山區,2,高思博,3742,,33.97
臺南市,60,東山區,3,林義豐,1111,,10.09
臺南市,60,東山區,4,許忠信,495,,4.49
臺南市,60,東山區,5,陳永和,474,,4.3
臺南市,60,東山區,6,蘇煥智,565,,5.13
臺南市,70,麻豆區,1,黃偉哲,11716,*,48.58
臺南市,70,麻豆區,2,高思博,5630,,23.34
臺南市,70,麻豆區,3,林義豐,2086,,8.65
臺南市,70,麻豆區,4,許忠信,1402,,5.81
臺南市,70,麻豆區,5,陳永和,2343,,9.71
臺南市,70,麻豆區,6,蘇煥智,941,,3.9
臺南市,80,下營區,1,黃偉哲,5492,*,42.59
臺南市,80,下營區,2,高思博,3767,,29.21
臺南市,80,下營區,3,林義豐,1449,,11.24
臺南市,80,下營區,4,許忠信,664,,5.15
臺南市,80,下營區,5,陳永和,1031,,8
臺南市,80,下營區,6,蘇煥智,492,,3.82
臺南市,90,六甲區,1,黃偉哲,5309,*,43.24
臺南市,90,六甲區,2,高思博,3260,,26.55
臺南市,90,六甲區,3,林義豐,1381,,11.25
臺南市,90,六甲區,4,許忠信,674,,5.49
臺南市,90,六甲區,5,陳永和,1022,,8.32
臺南市,90,六甲區,6,蘇煥智,633,,5.16
臺南市,100,官田區,1,黃偉哲,5514,*,45.37
臺南市,100,官田區,2,高思博,3107,,25.56
臺南市,100,官田區,3,林義豐,1265,,10.41
臺南市,100,官田區,4,許忠信,678,,5.58
臺南市,100,官田區,5,陳永和,1025,,8.43
臺南市,100,官田區,6,蘇煥智,565,,4.65
臺南市,110,大內區,1,黃偉哲,2271,*,39.13
臺南市,110,大內區,2,高思博,1687,,29.07
臺南市,110,大內區,3,林義豐,673,,11.6
臺南市,110,大內區,4,許忠信,397,,6.84
臺南市,110,大內區,5,陳永和,481,,8.29
臺南市,110,大內區,6,蘇煥智,295,,5.08
臺南市,120,佳里區,1,黃偉哲,12783,*,40.53
臺南市,120,佳里區,2,高思博,9178,,29.1
臺南市,120,佳里區,3,林義豐,3005,,9.53
臺南市,120,佳里區,4,許忠信,2001,,6.34
臺南市,120,佳里區,5,陳永和,3366,,10.67
臺南市,120,佳里區,6,蘇煥智,1205,,3.82
臺南市,130,學甲區,1,黃偉哲,6509,*,47.08
臺南市,130,學甲區,2,高思博,3860,,27.92
臺南市,130,學甲區,3,林義豐,1228,,8.88
臺南市,130,學甲區,4,許忠信,570,,4.12
臺南市,130,學甲區,5,陳永和,1107,,8.01
臺南市,130,學甲區,6,蘇煥智,552,,3.99
臺南市,140,西港區,1,黃偉哲,6041,*,43.79
臺南市,140,西港區,2,高思博,3593,,26.05
臺南市,140,西港區,3,林義豐,1387,,10.06
臺南市,140,西港區,4,許忠信,722,,5.23
臺南市,140,西港區,5,陳永和,1536,,11.14
臺南市,140,西港區,6,蘇煥智,515,,3.73
臺南市,150,七股區,1,黃偉哲,5670,*,43.39
臺南市,150,七股區,2,高思博,3251,,24.88
臺南市,150,七股區,3,林義豐,1347,,10.31
臺南市,150,七股區,4,許忠信,960,,7.35
臺南市,150,七股區,5,陳永和,1144,,8.75
臺南市,150,七股區,6,蘇煥智,695,,5.32
臺南市,160,將軍區,1,黃偉哲,5438,*,45.68
臺南市,160,將軍區,2,高思博,3109,,26.12
臺南市,160,將軍區,3,林義豐,1115,,9.37
臺南市,160,將軍區,4,許忠信,873,,7.33
臺南市,160,將軍區,5,陳永和,912,,7.66
臺南市,160,將軍區,6,蘇煥智,457,,3.84
臺南市,170,北門區,1,黃偉哲,2757,*,42.63
臺南市,170,北門區,2,高思博,1877,,29.02
臺南市,170,北門區,3,林義豐,652,,10.08
臺南市,170,北門區,4,許忠信,395,,6.11
臺南市,170,北門區,5,陳永和,448,,6.93
臺南市,170,北門區,6,蘇煥智,339,,5.24
臺南市,180,新化區,1,黃偉哲,9154,*,38.46
臺南市,180,新化區,2,高思博,7591,,31.89
臺南市,180,新化區,3,林義豐,2223,,9.34
臺南市,180,新化區,4,許忠信,1102,,4.63
臺南市,180,新化區,5,陳永和,2822,,11.86
臺南市,180,新化區,6,蘇煥智,911,,3.83
臺南市,190,善化區,1,黃偉哲,9435,*,39.4
臺南市,190,善化區,2,高思博,6948,,29.02
臺南市,190,善化區,3,林義豐,2001,,8.36
臺南市,190,善化區,4,許忠信,1583,,6.61
臺南市,190,善化區,5,陳永和,2878,,12.02
臺南市,190,善化區,6,蘇煥智,1099,,4.59
臺南市,200,新市區,1,黃偉哲,7027,*,37.42
臺南市,200,新市區,2,高思博,5034,,26.81
臺南市,200,新市區,3,林義豐,1605,,8.55
臺南市,200,新市區,4,許忠信,2012,,10.71
臺南市,200,新市區,5,陳永和,2340,,12.46
臺南市,200,新市區,6,蘇煥智,762,,4.06
臺南市,210,安定區,1,黃偉哲,6643,*,40.09
臺南市,210,安定區,2,高思博,4752,,28.67
臺南市,210,安定區,3,林義豐,1576,,9.51
臺南市,210,安定區,4,許忠信,899,,5.42
臺南市,210,安定區,5,陳永和,1997,,12.05
臺南市,210,安定區,6,蘇煥智,705,,4.25
臺南市,220,山上區,1,黃偉哲,1521,*,37.37
臺南市,220,山上區,2,高思博,1244,,30.57
臺南市,220,山上區,3,林義豐,467,,11.47
臺南市,220,山上區,4,許忠信,217,,5.33
臺南市,220,山上區,5,陳永和,423,,10.39
臺南市,220,山上區,6,蘇煥智,198,,4.86
臺南市,230,玉井區,1,黃偉哲,2656,*,32.54
臺南市,230,玉井區,2,高思博,3442,,42.17
臺南市,230,玉井區,3,林義豐,665,,8.15
臺南市,230,玉井區,4,許忠信,302,,3.7
臺南市,230,玉井區,5,陳永和,632,,7.74
臺南市,230,玉井區,6,蘇煥智,465,,5.7
臺南市,240,楠西區,1,黃偉哲,1576,*,28.48
臺南市,240,楠西區,2,高思博,2687,,48.56
臺南市,240,楠西區,3,林義豐,400,,7.23
臺南市,240,楠西區,4,許忠信,218,,3.94
臺南市,240,楠西區,5,陳永和,353,,6.38
臺南市,240,楠西區,6,蘇煥智,299,,5.4
臺南市,250,南化區,1,黃偉哲,1792,*,33.17
臺南市,250,南化區,2,高思博,2229,,41.26
臺南市,250,南化區,3,林義豐,474,,8.77
臺南市,250,南化區,4,許忠信,173,,3.2
臺南市,250,南化區,5,陳永和,402,,7.44
臺南市,250,南化區,6,蘇煥智,332,,6.15
臺南市,260,左鎮區,1,黃偉哲,1233,*,41.8
臺南市,260,左鎮區,2,高思博,939,,31.83
臺南市,260,左鎮區,3,林義豐,195,,6.61
臺南市,260,左鎮區,4,許忠信,211,,7.15
臺南市,260,左鎮區,5,陳永和,221,,7.49
臺南市,260,左鎮區,6,蘇煥智,151,,5.12
臺南市,270,仁德區,1,黃偉哲,14717,*,36.41
臺南市,270,仁德區,2,高思博,12883,,31.88
臺南市,270,仁德區,3,林義豐,3522,,8.71
臺南市,270,仁德區,4,許忠信,1537,,3.8
臺南市,270,仁德區,5,陳永和,5911,,14.63
臺南市,270,仁德區,6,蘇煥智,1846,,4.57
臺南市,280,歸仁區,1,黃偉哲,13413,*,37.57
臺南市,280,歸仁區,2,高思博,9264,,25.95
臺南市,280,歸仁區,3,林義豐,2942,,8.24
臺南市,280,歸仁區,4,許忠信,1292,,3.62
臺南市,280,歸仁區,5,陳永和,7202,,20.17
臺南市,280,歸仁區,6,蘇煥智,1588,,4.45
臺南市,290,關廟區,1,黃偉哲,7670,*,37.11
臺南市,290,關廟區,2,高思博,5323,,25.76
臺南市,290,關廟區,3,林義豐,1580,,7.65
臺南市,290,關廟區,4,許忠信,573,,2.77
臺南市,290,關廟區,5,陳永和,4778,,23.12
臺南市,290,關廟區,6,蘇煥智,742,,3.59
臺南市,300,龍崎區,1,黃偉哲,814,*,29.24
臺南市,300,龍崎區,2,高思博,676,,24.28
臺南市,300,龍崎區,3,林義豐,180,,6.47
臺南市,300,龍崎區,4,許忠信,82,,2.95
臺南市,300,龍崎區,5,陳永和,917,,32.94
臺南市,300,龍崎區,6,蘇煥智,115,,4.13
臺南市,310,永康區,1,黃偉哲,38762,*,34.7
臺南市,310,永康區,2,高思博,38892,,34.81
臺南市,310,永康區,3,林義豐,9587,,8.58
臺南市,310,永康區,4,許忠信,4676,,4.19
臺南市,310,永康區,5,陳永和,15007,,13.43
臺南市,310,永康區,6,蘇煥智,4787,,4.29
臺南市,320,東區,1,黃偉哲,28636,*,32.27
臺南市,320,東區,2,高思博,36041,,40.61
臺南市,320,東區,3,林義豐,5457,,6.15
臺南市,320,東區,4,許忠信,3522,,3.97
臺南市,320,東區,5,陳永和,11681,,13.16
臺南市,320,東區,6,蘇煥智,3410,,3.84
臺南市,330,南區,1,黃偉哲,25068,*,39.35
臺南市,330,南區,2,高思博,21036,,33.02
臺南市,330,南區,3,林義豐,5430,,8.52
臺南市,330,南區,4,許忠信,2585,,4.06
臺南市,330,南區,5,陳永和,7661,,12.03
臺南市,330,南區,6,蘇煥智,1925,,3.02
臺南市,340,北區,1,黃偉哲,22694,*,34.49
臺南市,340,北區,2,高思博,24690,,37.52
臺南市,340,北區,3,林義豐,4510,,6.85
臺南市,340,北區,4,許忠信,2851,,4.33
臺南市,340,北區,5,陳永和,8547,,12.99
臺南市,340,北區,6,蘇煥智,2515,,3.82
臺南市,350,安南區,1,黃偉哲,36754,*,38.42
臺南市,350,安南區,2,高思博,27865,,29.13
臺南市,350,安南區,3,林義豐,9225,,9.64
臺南市,350,安南區,4,許忠信,4807,,5.02
臺南市,350,安南區,5,陳永和,13357,,13.96
臺南市,350,安南區,6,蘇煥智,3655,,3.82
臺南市,360,安平區,1,黃偉哲,10276,*,34.24
臺南市,360,安平區,2,高思博,11056,,36.84
臺南市,360,安平區,3,林義豐,2479,,8.26
臺南市,360,安平區,4,許忠信,1034,,3.45
臺南市,360,安平區,5,陳永和,4075,,13.58
臺南市,360,安平區,6,蘇煥智,1088,,3.63
臺南市,370,中西區,1,黃偉哲,14846,*,37.54
臺南市,370,中西區,2,高思博,13835,,34.98
臺南市,370,中西區,3,林義豐,2552,,6.45
臺南市,370,中西區,4,許忠信,1859,,4.7
臺南市,370,中西區,5,陳永和,4904,,12.4
臺南市,370,中西區,6,蘇煥智,1556,,3.93
桃園市,10,桃園區,1,朱梅雪,4084,,2.1
桃園市,10,桃園區,2,陳學聖,73799,,37.98
桃園市,10,桃園區,3,楊麗環,14752,,7.59
桃園市,10,桃園區,4,吳富彤,424,,0.22
桃園市,10,桃園區,5,鄭文燦,101241,*,52.11
桃園市,20,中壢區,1,朱梅雪,3250,,1.68
桃園市,20,中壢區,2,陳學聖,88154,,45.69
桃園市,20,中壢區,3,楊麗環,6829,,3.54
桃園市,20,中壢區,4,吳富彤,561,,0.29
桃園市,20,中壢區,5,鄭文燦,94164,*,48.8
桃園市,30,大溪區,1,朱梅雪,610,,1.28
桃園市,30,大溪區,2,陳學聖,16271,,34.1
桃園市,30,大溪區,3,楊麗環,1897,,3.98
桃園市,30,大溪區,4,吳富彤,190,,0.4
桃園市,30,大溪區,5,鄭文燦,28746,*,60.25
桃園市,40,楊梅區,1,朱梅雪,1204,,1.55
桃園市,40,楊梅區,2,陳學聖,32538,,41.85
桃園市,40,楊梅區,3,楊麗環,3387,,4.36
桃園市,40,楊梅區,4,吳富彤,348,,0.45
桃園市,40,楊梅區,5,鄭文燦,40272,*,51.8
桃園市,50,蘆竹區,1,朱梅雪,1610,,2.23
桃園市,50,蘆竹區,2,陳學聖,24164,,33.5
桃園市,50,蘆竹區,3,楊麗環,4197,,5.82
桃園市,50,蘆竹區,4,吳富彤,214,,0.3
桃園市,50,蘆竹區,5,鄭文燦,41938,*,58.15
桃園市,60,大園區,1,朱梅雪,795,,1.77
桃園市,60,大園區,2,陳學聖,13865,,30.8
桃園市,60,大園區,3,楊麗環,2508,,5.57
桃園市,60,大園區,4,吳富彤,201,,0.45
桃園市,60,大園區,5,鄭文燦,27652,*,61.42
桃園市,70,龜山區,1,朱梅雪,1372,,1.89
桃園市,70,龜山區,2,陳學聖,26791,,36.96
桃園市,70,龜山區,3,楊麗環,4071,,5.62
桃園市,70,龜山區,4,吳富彤,256,,0.35
桃園市,70,龜山區,5,鄭文燦,39998,*,55.18
桃園市,80,八德區,1,朱梅雪,1633,,1.74
桃園市,80,八德區,2,陳學聖,36314,,38.61
桃園市,80,八德區,3,楊麗環,4174,,4.44
桃園市,80,八德區,4,吳富彤,273,,0.29
桃園市,80,八德區,5,鄭文燦,51667,*,54.93
桃園市,90,龍潭區,1,朱梅雪,979,,1.64
桃園市,90,龍潭區,2,陳學聖,27385,,45.77
桃園市,90,龍潭區,3,楊麗環,2296,,3.84
桃園市,90,龍潭區,4,吳富彤,568,,0.95
桃園市,90,龍潭區,5,鄭文燦,28610,*,47.81
桃園市,100,平鎮區,1,朱梅雪,1694,,1.58
桃園市,100,平鎮區,2,陳學聖,45697,,42.62
桃園市,100,平鎮區,3,楊麗環,3846,,3.59
桃園市,100,平鎮區,4,吳富彤,483,,0.45
桃園市,100,平鎮區,5,鄭文燦,55507,*,51.77
桃園市,110,新屋區,1,朱梅雪,370,,1.29
桃園市,110,新屋區,2,陳學聖,9164,,31.94
桃園市,110,新屋區,3,楊麗環,1434,,5
桃園市,110,新屋區,4,吳富彤,141,,0.49
桃園市,110,新屋區,5,鄭文燦,17581,*,61.28
桃園市,120,觀音區,1,朱梅雪,556,,1.64
桃園市,120,觀音區,2,陳學聖,10126,,29.8
桃園市,120,觀音區,3,楊麗環,1833,,5.39
桃園市,120,觀音區,4,吳富彤,176,,0.52
桃園市,120,觀音區,5,鄭文燦,21285,*,62.65
桃園市,130,復興區,1,朱梅雪,43,,0.61
桃園市,130,復興區,2,陳學聖,2966,,42.35
桃園市,130,復興區,3,楊麗環,294,,4.2
桃園市,130,復興區,4,吳富彤,32,,0.46
桃園市,130,復興區,5,鄭文燦,3669,*,52.38
連江縣,10,南竿鄉,1,蘇柏豪,542,,12.98
連江縣,10,南竿鄉,2,朱秀珍,871,,20.86
連江縣,10,南竿鄉,3,魏耀乾,169,,4.05
連江縣,10,南竿鄉,4,劉增應,2594,*,62.12
連江縣,20,北竿鄉,1,蘇柏豪,135,,9.17
連江縣,20,北竿鄉,2,朱秀珍,147,,9.99
連江縣,20,北竿鄉,3,魏耀乾,51,,3.46
連江縣,20,北竿鄉,4,劉增應,1139,*,77.38
連江縣,30,莒光鄉,1,蘇柏豪,100,,9.17
連江縣,30,莒光鄉,2,朱秀珍,182,,16.7
連江縣,30,莒光鄉,3,魏耀乾,76,,6.97
連江縣,30,莒光鄉,4,劉增應,732,*,67.16
連江縣,40,東引鄉,1,蘇柏豪,150,,22.39
連江縣,40,東引鄉,2,朱秀珍,84,,12.54
連江縣,40,東引鄉,3,魏耀乾,40,,5.97
連江縣,40,東引鄉,4,劉增應,396,*,59.1
金門縣,10,金城鎮,1,楊鎮浯,8137,*,54.28
金門縣,10,金城鎮,2,洪志恒,299,,1.99
金門縣,10,金城鎮,3,汪承樺,120,,0.8
金門縣,10,金城鎮,4,陳福海,5916,,39.47
金門縣,10,金城鎮,5,謝宜璋,412,,2.75
金門縣,10,金城鎮,6,洪和成,106,,0.71
金門縣,20,金沙鎮,1,楊鎮浯,2974,*,38.56
金門縣,20,金沙鎮,2,洪志恒,87,,1.13
金門縣,20,金沙鎮,3,汪承樺,50,,0.65
金門縣,20,金沙鎮,4,陳福海,4412,,57.2
金門縣,20,金沙鎮,5,謝宜璋,151,,1.96
金門縣,20,金沙鎮,6,洪和成,39,,0.51
金門縣,30,金湖鎮,1,楊鎮浯,4204,*,39.07
金門縣,30,金湖鎮,2,洪志恒,115,,1.07
金門縣,30,金湖鎮,3,汪承樺,75,,0.7
金門縣,30,金湖鎮,4,陳福海,5855,,54.42
金門縣,30,金湖鎮,5,謝宜璋,457,,4.25
金門縣,30,金湖鎮,6,洪和成,53,,0.49
金門縣,40,金寧鄉,1,楊鎮浯,5989,*,54.92
金門縣,40,金寧鄉,2,洪志恒,206,,1.89
金門縣,40,金寧鄉,3,汪承樺,140,,1.28
金門縣,40,金寧鄉,4,陳福海,4204,,38.55
金門縣,40,金寧鄉,5,謝宜璋,275,,2.52
金門縣,40,金寧鄉,6,洪和成,90,,0.83
金門縣,50,烈嶼鄉,1,楊鎮浯,2154,*,46.28
金門縣,50,烈嶼鄉,2,洪志恒,124,,2.66
金門縣,50,烈嶼鄉,3,汪承樺,18,,0.39
金門縣,50,烈嶼鄉,4,陳福海,2186,,46.97
金門縣,50,烈嶼鄉,5,謝宜璋,94,,2.02
金門縣,50,烈嶼鄉,6,洪和成,78,,1.68
金門縣,60,烏坵鄉,1,楊鎮浯,62,*,29.67
金門縣,60,烏坵鄉,2,洪志恒,1,,0.48
金門縣,60,烏坵鄉,3,汪承樺,0,,0
金門縣,60,烏坵鄉,4,陳福海,146,,69.86
金門縣,60,烏坵鄉,5,謝宜璋,0,,0
金門縣,60,烏坵鄉,6,洪和成,0,,0
宜蘭縣,10,宜蘭市,1,林信華,6736,,13.66
宜蘭縣,10,宜蘭市,2,林姿妙,23891,*,48.45
宜蘭縣,10,宜蘭市,3,陳歐珀,18033,,36.57
宜蘭縣,10,宜蘭市,4,林錦坤,379,,0.77
宜蘭縣,10,宜蘭市,5,陳秋境,270,,0.55
宜蘭縣,20,羅東鎮,1,林信華,3872,,11.06
宜蘭縣,20,羅東鎮,2,林姿妙,18457,*,52.71
宜蘭縣,20,羅東鎮,3,陳歐珀,12395,,35.4
宜蘭縣,20,羅東鎮,4,林錦坤,163,,0.47
宜蘭縣,20,羅東鎮,5,陳秋境,128,,0.37
宜蘭縣,30,蘇澳鎮,1,林信華,2266,,9.88
宜蘭縣,30,蘇澳鎮,2,林姿妙,11341,*,49.44
宜蘭縣,30,蘇澳鎮,3,陳歐珀,8995,,39.21
宜蘭縣,30,蘇澳鎮,4,林錦坤,185,,0.81
宜蘭縣,30,蘇澳鎮,5,陳秋境,154,,0.67
宜蘭縣,40,頭城鎮,1,林信華,1415,,8.26
宜蘭縣,40,頭城鎮,2,林姿妙,9405,*,54.9
宜蘭縣,40,頭城鎮,3,陳歐珀,5973,,34.87
宜蘭縣,40,頭城鎮,4,林錦坤,167,,0.97
宜蘭縣,40,頭城鎮,5,陳秋境,171,,1
宜蘭縣,50,礁溪鄉,1,林信華,2314,,10.95
宜蘭縣,50,礁溪鄉,2,林姿妙,9698,*,45.91
宜蘭縣,50,礁溪鄉,3,陳歐珀,8797,,41.65
宜蘭縣,50,礁溪鄉,4,林錦坤,194,,0.92
宜蘭縣,50,礁溪鄉,5,陳秋境,120,,0.57
宜蘭縣,60,壯圍鄉,1,林信華,1581,,10.34
宜蘭縣,60,壯圍鄉,2,林姿妙,6978,*,45.66
宜蘭縣,60,壯圍鄉,3,陳歐珀,6509,,42.59
宜蘭縣,60,壯圍鄉,4,林錦坤,125,,0.82
宜蘭縣,60,壯圍鄉,5,陳秋境,90,,0.59
宜蘭縣,70,員山鄉,1,林信華,1974,,10.77
宜蘭縣,70,員山鄉,2,林姿妙,7844,*,42.78
宜蘭縣,70,員山鄉,3,陳歐珀,8154,,44.47
宜蘭縣,70,員山鄉,4,林錦坤,264,,1.44
宜蘭縣,70,員山鄉,5,陳秋境,101,,0.55
宜蘭縣,80,冬山鄉,1,林信華,3138,,10.94
宜蘭縣,80,冬山鄉,2,林姿妙,13141,*,45.83
宜蘭縣,80,冬山鄉,3,陳歐珀,12023,,41.93
宜蘭縣,80,冬山鄉,4,林錦坤,206,,0.72
宜蘭縣,80,冬山鄉,5,陳秋境,168,,0.59
宜蘭縣,90,五結鄉,1,林信華,2605,,11.84
宜蘭縣,90,五結鄉,2,林姿妙,10354,*,47.07
宜蘭縣,90,五結鄉,3,陳歐珀,8782,,39.93
宜蘭縣,90,五結鄉,4,林錦坤,142,,0.65
宜蘭縣,90,五結鄉,5,陳秋境,112,,0.51
宜蘭縣,100,三星鄉,1,林信華,1235,,9.69
宜蘭縣,100,三星鄉,2,林姿妙,6053,*,47.48
宜蘭縣,100,三星鄉,3,陳歐珀,5314,,41.68
宜蘭縣,100,三星鄉,4,林錦坤,74,,0.58
宜蘭縣,100,三星鄉,5,陳秋境,72,,0.56
宜蘭縣,110,大同鄉,1,林信華,149,,3.81
宜蘭縣,110,大同鄉,2,林姿妙,3360,*,86.02
宜蘭縣,110,大同鄉,3,陳歐珀,374,,9.58
宜蘭縣,110,大同鄉,4,林錦坤,9,,0.23
宜蘭縣,110,大同鄉,5,陳秋境,14,,0.36
宜蘭縣,120,南澳鄉,1,林信華,114,,3.12
宜蘭縣,120,南澳鄉,2,林姿妙,3245,*,88.73
宜蘭縣,120,南澳鄉,3,陳歐珀,260,,7.11
宜蘭縣,120,南澳鄉,4,林錦坤,14,,0.38
宜蘭縣,120,南澳鄉,5,陳秋境,24,,0.66
新竹縣,10,竹北市,1,楊文科,27664,*,33.5
新竹縣,10,竹北市,2,葉芳棟,1901,,2.3
新竹縣,10,竹北市,3,鄭朝方,21725,,26.31
新竹縣,10,竹北市,4,徐欣瑩,31292,,37.89
新竹縣,20,竹東鎮,1,楊文科,19629,*,42.05
新竹縣,20,竹東鎮,2,葉芳棟,792,,1.7
新竹縣,20,竹東鎮,3,鄭朝方,13531,,28.99
新竹縣,20,竹東鎮,4,徐欣瑩,12724,,27.26
新竹縣,30,新埔鎮,1,楊文科,6982,*,35.99
新竹縣,30,新埔鎮,2,葉芳棟,317,,1.63
新竹縣,30,新埔鎮,3,鄭朝方,6239,,32.16
新竹縣,30,新埔鎮,4,徐欣瑩,5861,,30.21
新竹縣,40,關西鎮,1,楊文科,6017,*,35.7
新竹縣,40,關西鎮,2,葉芳棟,217,,1.29
新竹縣,40,關西鎮,3,鄭朝方,4905,,29.1
新竹縣,40,關西鎮,4,徐欣瑩,5715,,33.91
新竹縣,50,湖口鄉,1,楊文科,15866,*,39.87
新竹縣,50,湖口鄉,2,葉芳棟,702,,1.76
新竹縣,50,湖口鄉,3,鄭朝方,10043,,25.24
新竹縣,50,湖口鄉,4,徐欣瑩,13182,,33.13
新竹縣,60,新豐鄉,1,楊文科,9826,*,33.97
新竹縣,60,新豐鄉,2,葉芳棟,475,,1.64
新竹縣,60,新豐鄉,3,鄭朝方,7930,,27.42
新竹縣,60,新豐鄉,4,徐欣瑩,10694,,36.97
新竹縣,70,芎林鄉,1,楊文科,4876,*,40.07
新竹縣,70,芎林鄉,2,葉芳棟,216,,1.78
新竹縣,70,芎林鄉,3,鄭朝方,3702,,30.42
新竹縣,70,芎林鄉,4,徐欣瑩,3374,,27.73
新竹縣,80,橫山鄉,1,楊文科,3624,*,44.23
新竹縣,80,橫山鄉,2,葉芳棟,152,,1.86
新竹縣,80,橫山鄉,3,鄭朝方,2278,,27.8
新竹縣,80,橫山鄉,4,徐欣瑩,2140,,26.12
新竹縣,90,北埔鄉,1,楊文科,2769,*,46.27
新竹縣,90,北埔鄉,2,葉芳棟,115,,1.92
新竹縣,90,北埔鄉,3,鄭朝方,1741,,29.09
新竹縣,90,北埔鄉,4,徐欣瑩,1359,,22.71
新竹縣,100,寶山鄉,1,楊文科,4172,*,45.93
新竹縣,100,寶山鄉,2,葉芳棟,133,,1.46
新竹縣,100,寶山鄉,3,鄭朝方,2465,,27.14
新竹縣,100,寶山鄉,4,徐欣瑩,2313,,25.47
新竹縣,110,峨眉鄉,1,楊文科,2218,*,53.52
新竹縣,110,峨眉鄉,2,葉芳棟,57,,1.38
新竹縣,110,峨眉鄉,3,鄭朝方,1123,,27.1
新竹縣,110,峨眉鄉,4,徐欣瑩,746,,18
新竹縣,120,尖石鄉,1,楊文科,2836,*,51.39
新竹縣,120,尖石鄉,2,葉芳棟,68,,1.23
新竹縣,120,尖石鄉,3,鄭朝方,1525,,27.63
新竹縣,120,尖石鄉,4,徐欣瑩,1090,,19.75
新竹縣,130,五峰鄉,1,楊文科,1398,*,45.33
新竹縣,130,五峰鄉,2,葉芳棟,23,,0.75
新竹縣,130,五峰鄉,3,鄭朝方,963,,31.23
新竹縣,130,五峰鄉,4,徐欣瑩,700,,22.7
苗栗縣,10,苗栗市,1,朱泰平,1070,,2.31
苗栗縣,10,苗栗市,2,徐定禎,15711,,33.92
苗栗縣,10,苗栗市,3,黃玉燕,1158,,2.5
苗栗縣,10,苗栗市,4,徐耀昌,28376,*,61.27
苗栗縣,20,苑裡鎮,1,朱泰平,732,,2.81
苗栗縣,20,苑裡鎮,2,徐定禎,10002,,38.35
苗栗縣,20,苑裡鎮,3,黃玉燕,1023,,3.92
苗栗縣,20,苑裡鎮,4,徐耀昌,14322,*,54.92
苗栗縣,30,通霄鎮,1,朱泰平,567,,2.73
苗栗縣,30,通霄鎮,2,徐定禎,10375,,49.99
苗栗縣,30,通霄鎮,3,黃玉燕,841,,4.05
苗栗縣,30,通霄鎮,4,徐耀昌,8970,*,43.22
苗栗縣,40,竹南鎮,1,朱泰平,1138,,2.7
苗栗縣,40,竹南鎮,2,徐定禎,16806,,39.95
苗栗縣,40,竹南鎮,3,黃玉燕,1342,,3.19
苗栗縣,40,竹南鎮,4,徐耀昌,22785,*,54.16
苗栗縣,50,頭份市,1,朱泰平,816,,1.57
苗栗縣,50,頭份市,2,徐定禎,17558,,33.81
苗栗縣,50,頭份市,3,黃玉燕,1421,,2.74
苗栗縣,50,頭份市,4,徐耀昌,32143,*,61.89
苗栗縣,60,後龍鎮,1,朱泰平,489,,2.29
苗栗縣,60,後龍鎮,2,徐定禎,10631,,49.69
苗栗縣,60,後龍鎮,3,黃玉燕,717,,3.35
苗栗縣,60,後龍鎮,4,徐耀昌,9556,*,44.67
苗栗縣,70,卓蘭鎮,1,朱泰平,435,,4.01
苗栗縣,70,卓蘭鎮,2,徐定禎,3315,,30.57
苗栗縣,70,卓蘭鎮,3,黃玉燕,378,,3.49
苗栗縣,70,卓蘭鎮,4,徐耀昌,6717,*,61.94
苗栗縣,80,大湖鄉,1,朱泰平,305,,3.5
苗栗縣,80,大湖鄉,2,徐定禎,2791,,32.07
苗栗縣,80,大湖鄉,3,黃玉燕,225,,2.59
苗栗縣,80,大湖鄉,4,徐耀昌,5382,*,61.84
苗栗縣,90,公館鄉,1,朱泰平,362,,1.93
苗栗縣,90,公館鄉,2,徐定禎,6446,,34.28
苗栗縣,90,公館鄉,3,黃玉燕,449,,2.39
苗栗縣,90,公館鄉,4,徐耀昌,11545,*,61.4
苗栗縣,100,銅鑼鄉,1,朱泰平,180,,1.68
苗栗縣,100,銅鑼鄉,2,徐定禎,3894,,36.42
苗栗縣,100,銅鑼鄉,3,黃玉燕,286,,2.68
苗栗縣,100,銅鑼鄉,4,徐耀昌,6331,*,59.22
苗栗縣,110,南庄鄉,1,朱泰平,91,,1.51
苗栗縣,110,南庄鄉,2,徐定禎,1814,,30.02
苗栗縣,110,南庄鄉,3,黃玉燕,124,,2.05
苗栗縣,110,南庄鄉,4,徐耀昌,4014,*,66.42
苗栗縣,120,頭屋鄉,1,朱泰平,108,,1.45
苗栗縣,120,頭屋鄉,2,徐定禎,2307,,31.05
苗栗縣,120,頭屋鄉,3,黃玉燕,151,,2.03
苗栗縣,120,頭屋鄉,4,徐耀昌,4863,*,65.46
苗栗縣,130,三義鄉,1,朱泰平,178,,1.8
苗栗縣,130,三義鄉,2,徐定禎,3540,,35.78
苗栗縣,130,三義鄉,3,黃玉燕,330,,3.34
苗栗縣,130,三義鄉,4,徐耀昌,5845,*,59.08
苗栗縣,140,西湖鄉,1,朱泰平,72,,1.54
苗栗縣,140,西湖鄉,2,徐定禎,1685,,35.95
苗栗縣,140,西湖鄉,3,黃玉燕,113,,2.41
苗栗縣,140,西湖鄉,4,徐耀昌,2817,*,60.1
苗栗縣,150,造橋鄉,1,朱泰平,145,,1.97
苗栗縣,150,造橋鄉,2,徐定禎,2561,,34.87
苗栗縣,150,造橋鄉,3,黃玉燕,194,,2.64
苗栗縣,150,造橋鄉,4,徐耀昌,4444,*,60.51
苗栗縣,160,三灣鄉,1,朱泰平,62,,1.51
苗栗縣,160,三灣鄉,2,徐定禎,1192,,28.97
苗栗縣,160,三灣鄉,3,黃玉燕,93,,2.26
苗栗縣,160,三灣鄉,4,徐耀昌,2767,*,67.26
苗栗縣,170,獅潭鄉,1,朱泰平,51,,1.74
苗栗縣,170,獅潭鄉,2,徐定禎,758,,25.85
苗栗縣,170,獅潭鄉,3,黃玉燕,73,,2.49
苗栗縣,170,獅潭鄉,4,徐耀昌,2050,*,69.92
苗栗縣,180,泰安鄉,1,朱泰平,79,,1.82
苗栗縣,180,泰安鄉,2,徐定禎,1318,,30.38
苗栗縣,180,泰安鄉,3,黃玉燕,112,,2.58
苗栗縣,180,泰安鄉,4,徐耀昌,2829,*,65.21
彰化縣,10,彰化市,1,魏明谷,47148,,38.02
彰化縣,10,彰化市,2,王惠美,65874,*,53.12
彰化縣,10,彰化市,3,白雅燦,1375,,1.11
彰化縣,10,彰化市,4,黃文玲,8206,,6.62
彰化縣,10,彰化市,5,洪敏雄,1407,,1.13
彰化縣,20,鹿港鎮,1,魏明谷,18379,,38.77
彰化縣,20,鹿港鎮,2,王惠美,27397,*,57.8
彰化縣,20,鹿港鎮,3,白雅燦,266,,0.56
彰化縣,20,鹿港鎮,4,黃文玲,1147,,2.42
彰化縣,20,鹿港鎮,5,洪敏雄,212,,0.45
彰化縣,30,和美鎮,1,魏明谷,17596,,35.82
彰化縣,30,和美鎮,2,王惠美,29004,*,59.04
彰化縣,30,和美鎮,3,白雅燦,421,,0.86
彰化縣,30,和美鎮,4,黃文玲,1745,,3.55
彰化縣,30,和美鎮,5,洪敏雄,363,,0.74
彰化縣,40,線西鄉,1,魏明谷,2818,,28.46
彰化縣,40,線西鄉,2,王惠美,6615,*,66.82
彰化縣,40,線西鄉,3,白雅燦,90,,0.91
彰化縣,40,線西鄉,4,黃文玲,314,,3.17
彰化縣,40,線西鄉,5,洪敏雄,63,,0.64
彰化縣,50,伸港鄉,1,魏明谷,6883,,33.55
彰化縣,50,伸港鄉,2,王惠美,12781,*,62.3
彰化縣,50,伸港鄉,3,白雅燦,135,,0.66
彰化縣,50,伸港鄉,4,黃文玲,615,,3
彰化縣,50,伸港鄉,5,洪敏雄,101,,0.49
彰化縣,60,福興鄉,1,魏明谷,9992,,38.08
彰化縣,60,福興鄉,2,王惠美,15125,*,57.65
彰化縣,60,福興鄉,3,白雅燦,220,,0.84
彰化縣,60,福興鄉,4,黃文玲,752,,2.87
彰化縣,60,福興鄉,5,洪敏雄,148,,0.56
彰化縣,70,秀水鄉,1,魏明谷,7953,,35.67
彰化縣,70,秀水鄉,2,王惠美,13132,*,58.9
彰化縣,70,秀水鄉,3,白雅燦,173,,0.78
彰化縣,70,秀水鄉,4,黃文玲,836,,3.75
彰化縣,70,秀水鄉,5,洪敏雄,203,,0.91
彰化縣,80,花壇鄉,1,魏明谷,9629,,36.9
彰化縣,80,花壇鄉,2,王惠美,14443,*,55.34
彰化縣,80,花壇鄉,3,白雅燦,387,,1.48
彰化縣,80,花壇鄉,4,黃文玲,1366,,5.23
彰化縣,80,花壇鄉,5,洪敏雄,273,,1.05
彰化縣,90,芬園鄉,1,魏明谷,6415,,46.08
彰化縣,90,芬園鄉,2,王惠美,6594,*,47.37
彰化縣,90,芬園鄉,3,白雅燦,119,,0.85
彰化縣,90,芬園鄉,4,黃文玲,669,,4.81
彰化縣,90,芬園鄉,5,洪敏雄,124,,0.89
彰化縣,100,員林市,1,魏明谷,26724,,41.78
彰化縣,100,員林市,2,王惠美,31949,*,49.95
彰化縣,100,員林市,3,白雅燦,715,,1.12
彰化縣,100,員林市,4,黃文玲,3716,,5.81
彰化縣,100,員林市,5,洪敏雄,852,,1.33
彰化縣,110,溪湖鎮,1,魏明谷,11899,,38.86
彰化縣,110,溪湖鎮,2,王惠美,16431,*,53.67
彰化縣,110,溪湖鎮,3,白雅燦,284,,0.93
彰化縣,110,溪湖鎮,4,黃文玲,1479,,4.83
彰化縣,110,溪湖鎮,5,洪敏雄,524,,1.71
彰化縣,120,田中鎮,1,魏明谷,10161,,43.96
彰化縣,120,田中鎮,2,王惠美,11340,*,49.06
彰化縣,120,田中鎮,3,白雅燦,250,,1.08
彰化縣,120,田中鎮,4,黃文玲,1136,,4.91
彰化縣,120,田中鎮,5,洪敏雄,228,,0.99
彰化縣,130,大村鄉,1,魏明谷,8835,,41.4
彰化縣,130,大村鄉,2,王惠美,10826,*,50.73
彰化縣,130,大村鄉,3,白雅燦,235,,1.1
彰化縣,130,大村鄉,4,黃文玲,1218,,5.71
彰化縣,130,大村鄉,5,洪敏雄,227,,1.06
彰化縣,140,埔鹽鄉,1,魏明谷,6620,,32.43
彰化縣,140,埔鹽鄉,2,王惠美,12415,*,60.82
彰化縣,140,埔鹽鄉,3,白雅燦,200,,0.98
彰化縣,140,埔鹽鄉,4,黃文玲,943,,4.62
彰化縣,140,埔鹽鄉,5,洪敏雄,236,,1.16
彰化縣,150,埔心鄉,1,魏明谷,9295,,45.43
彰化縣,150,埔心鄉,2,王惠美,9694,*,47.38
彰化縣,150,埔心鄉,3,白雅燦,195,,0.95
彰化縣,150,埔心鄉,4,黃文玲,1044,,5.1
彰化縣,150,埔心鄉,5,洪敏雄,232,,1.13
彰化縣,160,永靖鄉,1,魏明谷,9751,,45.35
彰化縣,160,永靖鄉,2,王惠美,10057,*,46.77
彰化縣,160,永靖鄉,3,白雅燦,253,,1.18
彰化縣,160,永靖鄉,4,黃文玲,1188,,5.53
彰化縣,160,永靖鄉,5,洪敏雄,252,,1.17
彰化縣,170,社頭鄉,1,魏明谷,10864,,44.6
彰化縣,170,社頭鄉,2,王惠美,11703,*,48.04
彰化縣,170,社頭鄉,3,白雅燦,502,,2.06
彰化縣,170,社頭鄉,4,黃文玲,1094,,4.49
彰化縣,170,社頭鄉,5,洪敏雄,196,,0.8
彰化縣,180,二水鄉,1,魏明谷,4775,,49.11
彰化縣,180,二水鄉,2,王惠美,4452,*,45.79
彰化縣,180,二水鄉,3,白雅燦,78,,0.8
彰化縣,180,二水鄉,4,黃文玲,357,,3.67
彰化縣,180,二水鄉,5,洪敏雄,61,,0.63
彰化縣,190,北斗鎮,1,魏明谷,7863,,42.83
彰化縣,190,北斗鎮,2,王惠美,9082,*,49.47
彰化縣,190,北斗鎮,3,白雅燦,199,,1.08
彰化縣,190,北斗鎮,4,黃文玲,1013,,5.52
彰化縣,190,北斗鎮,5,洪敏雄,202,,1.1
彰化縣,200,二林鎮,1,魏明谷,10868,,37.78
彰化縣,200,二林鎮,2,王惠美,15652,*,54.42
彰化縣,200,二林鎮,3,白雅燦,349,,1.21
彰化縣,200,二林鎮,4,黃文玲,1496,,5.2
彰化縣,200,二林鎮,5,洪敏雄,399,,1.39
彰化縣,210,田尾鄉,1,魏明谷,6720,,42.16
彰化縣,210,田尾鄉,2,王惠美,7946,*,49.86
彰化縣,210,田尾鄉,3,白雅燦,214,,1.34
彰化縣,210,田尾鄉,4,黃文玲,892,,5.6
彰化縣,210,田尾鄉,5,洪敏雄,166,,1.04
彰化縣,220,埤頭鄉,1,魏明谷,7095,,42.06
彰化縣,220,埤頭鄉,2,王惠美,8548,*,50.67
彰化縣,220,埤頭鄉,3,白雅燦,191,,1.13
彰化縣,220,埤頭鄉,4,黃文玲,852,,5.05
彰化縣,220,埤頭鄉,5,洪敏雄,183,,1.08
彰化縣,230,芳苑鄉,1,魏明谷,8818,,44.8
彰化縣,230,芳苑鄉,2,王惠美,9404,*,47.78
彰化縣,230,芳苑鄉,3,白雅燦,213,,1.08
彰化縣,230,芳苑鄉,4,黃文玲,1005,,5.11
彰化縣,230,芳苑鄉,5,洪敏雄,241,,1.22
彰化縣,240,大城鄉,1,魏明谷,4013,,43.29
彰化縣,240,大城鄉,2,王惠美,4708,*,50.78
彰化縣,240,大城鄉,3,白雅燦,92,,0.99
彰化縣,240,大城鄉,4,黃文玲,347,,3.74
彰化縣,240,大城鄉,5,洪敏雄,111,,1.2
彰化縣,250,竹塘鄉,1,魏明谷,4424,,47.2
彰化縣,250,竹塘鄉,2,王惠美,4333,*,46.23
彰化縣,250,竹塘鄉,3,白雅燦,89,,0.95
彰化縣,250,竹塘鄉,4,黃文玲,423,,4.51
彰化縣,250,竹塘鄉,5,洪敏雄,104,,1.11
彰化縣,260,溪州鄉,1,魏明谷,7731,,45.03
彰化縣,260,溪州鄉,2,王惠美,8290,*,48.28
彰化縣,260,溪州鄉,3,白雅燦,157,,0.91
彰化縣,260,溪州鄉,4,黃文玲,837,,4.87
彰化縣,260,溪州鄉,5,洪敏雄,155,,0.9
南投縣,10,南投市,1,林明溱,39008,*,68.02
南投縣,10,南投市,2,洪國浩,18342,,31.98
南投縣,20,埔里鎮,1,林明溱,31617,*,70.04
南投縣,20,埔里鎮,2,洪國浩,13527,,29.96
南投縣,30,草屯鎮,1,林明溱,29774,*,53.79
南投縣,30,草屯鎮,2,洪國浩,25582,,46.21
南投縣,40,竹山鎮,1,林明溱,21162,*,68
南投縣,40,竹山鎮,2,洪國浩,9960,,32
南投縣,50,集集鎮,1,林明溱,4774,*,68.63
南投縣,50,集集鎮,2,洪國浩,2182,,31.37
南投縣,60,名間鄉,1,林明溱,15432,*,64.75
南投縣,60,名間鄉,2,洪國浩,8400,,35.25
南投縣,70,鹿谷鄉,1,林明溱,8156,*,72.48
南投縣,70,鹿谷鄉,2,洪國浩,3096,,27.52
南投縣,80,中寮鄉,1,林明溱,6940,*,70.31
南投縣,80,中寮鄉,2,洪國浩,2931,,29.69
南投縣,90,魚池鄉,1,林明溱,6810,*,68.99
南投縣,90,魚池鄉,2,洪國浩,3061,,31.01
南投縣,100,國姓鄉,1,林明溱,8152,*,68.21
南投縣,100,國姓鄉,2,洪國浩,3799,,31.79
南投縣,110,水里鄉,1,林明溱,7621,*,69.89
南投縣,110,水里鄉,2,洪國浩,3284,,30.11
南投縣,120,信義鄉,1,林明溱,7902,*,80.96
南投縣,120,信義鄉,2,洪國浩,1858,,19.04
南投縣,130,仁愛鄉,1,林明溱,8037,*,84.82
南投縣,130,仁愛鄉,2,洪國浩,1438,,15.18
雲林縣,10,斗六市,1,林佳瑜,1055,,1.81
雲林縣,10,斗六市,2,李進勇,22922,,39.39
雲林縣,10,斗六市,3,王麗萍,2161,,3.71
雲林縣,10,斗六市,4,張麗善,32050,*,55.08
雲林縣,20,斗南鎮,1,林佳瑜,475,,1.84
雲林縣,20,斗南鎮,2,李進勇,11005,,42.61
雲林縣,20,斗南鎮,3,王麗萍,901,,3.49
雲林縣,20,斗南鎮,4,張麗善,13445,*,52.06
雲林縣,30,虎尾鎮,1,林佳瑜,743,,1.95
雲林縣,30,虎尾鎮,2,李進勇,14381,,37.68
雲林縣,30,虎尾鎮,3,王麗萍,1697,,4.45
雲林縣,30,虎尾鎮,4,張麗善,21349,*,55.93
雲林縣,40,西螺鎮,1,林佳瑜,392,,1.52
雲林縣,40,西螺鎮,2,李進勇,12644,,48.96
雲林縣,40,西螺鎮,3,王麗萍,679,,2.63
雲林縣,40,西螺鎮,4,張麗善,12109,*,46.89
雲林縣,50,土庫鎮,1,林佳瑜,275,,1.58
雲林縣,50,土庫鎮,2,李進勇,6368,,36.69
雲林縣,50,土庫鎮,3,王麗萍,578,,3.33
雲林縣,50,土庫鎮,4,張麗善,10136,*,58.4
雲林縣,60,北港鎮,1,林佳瑜,334,,1.44
雲林縣,60,北港鎮,2,李進勇,10941,,47.13
雲林縣,60,北港鎮,3,王麗萍,514,,2.21
雲林縣,60,北港鎮,4,張麗善,11426,*,49.22
雲林縣,70,古坑鄉,1,林佳瑜,283,,1.52
雲林縣,70,古坑鄉,2,李進勇,7693,,41.45
雲林縣,70,古坑鄉,3,王麗萍,496,,2.67
雲林縣,70,古坑鄉,4,張麗善,10087,*,54.35
雲林縣,80,大埤鄉,1,林佳瑜,190,,1.62
雲林縣,80,大埤鄉,2,李進勇,4860,,41.37
雲林縣,80,大埤鄉,3,王麗萍,359,,3.06
雲林縣,80,大埤鄉,4,張麗善,6339,*,53.96
雲林縣,90,莿桐鄉,1,林佳瑜,323,,1.84
雲林縣,90,莿桐鄉,2,李進勇,8445,,48.24
雲林縣,90,莿桐鄉,3,王麗萍,521,,2.98
雲林縣,90,莿桐鄉,4,張麗善,8218,*,46.94
雲林縣,100,林內鄉,1,林佳瑜,125,,1.19
雲林縣,100,林內鄉,2,李進勇,4928,,46.72
雲林縣,100,林內鄉,3,王麗萍,260,,2.47
雲林縣,100,林內鄉,4,張麗善,5234,*,49.63
雲林縣,110,二崙鄉,1,林佳瑜,240,,1.52
雲林縣,110,二崙鄉,2,李進勇,7708,,48.78
雲林縣,110,二崙鄉,3,王麗萍,392,,2.48
雲林縣,110,二崙鄉,4,張麗善,7461,*,47.22
雲林縣,120,崙背鄉,1,林佳瑜,209,,1.44
雲林縣,120,崙背鄉,2,李進勇,5987,,41.25
雲林縣,120,崙背鄉,3,王麗萍,357,,2.46
雲林縣,120,崙背鄉,4,張麗善,7961,*,54.85
雲林縣,130,麥寮鄉,1,林佳瑜,340,,1.49
雲林縣,130,麥寮鄉,2,李進勇,6429,,28.12
雲林縣,130,麥寮鄉,3,王麗萍,542,,2.37
雲林縣,130,麥寮鄉,4,張麗善,15550,*,68.02
雲林縣,140,東勢鄉,1,林佳瑜,117,,1.18
雲林縣,140,東勢鄉,2,李進勇,3902,,39.49
雲林縣,140,東勢鄉,3,王麗萍,174,,1.76
雲林縣,140,東勢鄉,4,張麗善,5687,*,57.56
雲林縣,150,褒忠鄉,1,林佳瑜,100,,1.15
雲林縣,150,褒忠鄉,2,李進勇,3638,,41.81
雲林縣,150,褒忠鄉,3,王麗萍,217,,2.49
雲林縣,150,褒忠鄉,4,張麗善,4746,*,54.55
雲林縣,160,臺西鄉,1,林佳瑜,175,,1.26
雲林縣,160,臺西鄉,2,李進勇,4600,,33.11
雲林縣,160,臺西鄉,3,王麗萍,283,,2.04
雲林縣,160,臺西鄉,4,張麗善,8833,*,63.59
雲林縣,170,元長鄉,1,林佳瑜,267,,1.75
雲林縣,170,元長鄉,2,李進勇,6483,,42.41
雲林縣,170,元長鄉,3,王麗萍,418,,2.73
雲林縣,170,元長鄉,4,張麗善,8118,*,53.11
雲林縣,180,四湖鄉,1,林佳瑜,118,,0.95
雲林縣,180,四湖鄉,2,李進勇,5728,,46.04
雲林縣,180,四湖鄉,3,王麗萍,212,,1.7
雲林縣,180,四湖鄉,4,張麗善,6384,*,51.31
雲林縣,190,口湖鄉,1,林佳瑜,195,,1.2
雲林縣,190,口湖鄉,2,李進勇,7059,,43.5
雲林縣,190,口湖鄉,3,王麗萍,236,,1.45
雲林縣,190,口湖鄉,4,張麗善,8739,*,53.85
雲林縣,200,水林鄉,1,林佳瑜,207,,1.38
雲林縣,200,水林鄉,2,李進勇,7604,,50.78
雲林縣,200,水林鄉,3,王麗萍,264,,1.76
雲林縣,200,水林鄉,4,張麗善,6898,*,46.07
嘉義縣,10,太保市,1,翁章梁,10506,*,51.8
嘉義縣,10,太保市,2,吳芳銘,3395,,16.74
嘉義縣,10,太保市,3,林國龍,288,,1.42
嘉義縣,10,太保市,4,吳育仁,6092,,30.04
嘉義縣,20,朴子市,1,翁章梁,11907,*,53.77
嘉義縣,20,朴子市,2,吳芳銘,3655,,16.5
嘉義縣,20,朴子市,3,林國龍,405,,1.83
嘉義縣,20,朴子市,4,吳育仁,6178,,27.9
嘉義縣,30,布袋鎮,1,翁章梁,8244,*,54.47
嘉義縣,30,布袋鎮,2,吳芳銘,1569,,10.37
嘉義縣,30,布袋鎮,3,林國龍,269,,1.78
嘉義縣,30,布袋鎮,4,吳育仁,5053,,33.39
嘉義縣,40,大林鎮,1,翁章梁,7976,*,45.35
嘉義縣,40,大林鎮,2,吳芳銘,3945,,22.43
嘉義縣,40,大林鎮,3,林國龍,242,,1.38
嘉義縣,40,大林鎮,4,吳育仁,5426,,30.85
嘉義縣,50,民雄鄉,1,翁章梁,17016,*,44.72
嘉義縣,50,民雄鄉,2,吳芳銘,8246,,21.67
嘉義縣,50,民雄鄉,3,林國龍,645,,1.7
嘉義縣,50,民雄鄉,4,吳育仁,12139,,31.91
嘉義縣,60,溪口鄉,1,翁章梁,4932,*,54.43
嘉義縣,60,溪口鄉,2,吳芳銘,1820,,20.08
嘉義縣,60,溪口鄉,3,林國龍,211,,2.33
嘉義縣,60,溪口鄉,4,吳育仁,2099,,23.16
嘉義縣,70,新港鄉,1,翁章梁,10986,*,58.72
嘉義縣,70,新港鄉,2,吳芳銘,3095,,16.54
嘉義縣,70,新港鄉,3,林國龍,329,,1.76
嘉義縣,70,新港鄉,4,吳育仁,4298,,22.97
嘉義縣,80,六腳鄉,1,翁章梁,7675,*,60.65
嘉義縣,80,六腳鄉,2,吳芳銘,1740,,13.75
嘉義縣,80,六腳鄉,3,林國龍,250,,1.98
嘉義縣,80,六腳鄉,4,吳育仁,2989,,23.62
嘉義縣,90,東石鄉,1,翁章梁,7275,*,54.97
嘉義縣,90,東石鄉,2,吳芳銘,2532,,19.13
嘉義縣,90,東石鄉,3,林國龍,234,,1.77
嘉義縣,90,東石鄉,4,吳育仁,3193,,24.13
嘉義縣,100,義竹鄉,1,翁章梁,8500,*,70.93
嘉義縣,100,義竹鄉,2,吳芳銘,938,,7.83
嘉義縣,100,義竹鄉,3,林國龍,132,,1.1
嘉義縣,100,義竹鄉,4,吳育仁,2414,,20.14
嘉義縣,110,鹿草鄉,1,翁章梁,5411,*,60.44
嘉義縣,110,鹿草鄉,2,吳芳銘,844,,9.43
嘉義縣,110,鹿草鄉,3,林國龍,152,,1.7
嘉義縣,110,鹿草鄉,4,吳育仁,2545,,28.43
嘉義縣,120,水上鄉,1,翁章梁,13968,*,50.45
嘉義縣,120,水上鄉,2,吳芳銘,3529,,12.75
嘉義縣,120,水上鄉,3,林國龍,458,,1.65
嘉義縣,120,水上鄉,4,吳育仁,9734,,35.15
嘉義縣,130,中埔鄉,1,翁章梁,11500,*,48.74
嘉義縣,130,中埔鄉,2,吳芳銘,4038,,17.11
嘉義縣,130,中埔鄉,3,林國龍,308,,1.31
嘉義縣,130,中埔鄉,4,吳育仁,7751,,32.85
嘉義縣,140,竹崎鄉,1,翁章梁,8791,*,42.08
嘉義縣,140,竹崎鄉,2,吳芳銘,5467,,26.17
嘉義縣,140,竹崎鄉,3,林國龍,334,,1.6
嘉義縣,140,竹崎鄉,4,吳育仁,6300,,30.16
嘉義縣,150,梅山鄉,1,翁章梁,5175,*,43.22
嘉義縣,150,梅山鄉,2,吳芳銘,3197,,26.7
嘉義縣,150,梅山鄉,3,林國龍,164,,1.37
嘉義縣,150,梅山鄉,4,吳育仁,3437,,28.71
嘉義縣,160,番路鄉,1,翁章梁,2253,*,32.66
嘉義縣,160,番路鄉,2,吳芳銘,2036,,29.51
嘉義縣,160,番路鄉,3,林國龍,100,,1.45
嘉義縣,160,番路鄉,4,吳育仁,2510,,36.38
嘉義縣,170,大埔鄉,1,翁章梁,1724,*,56.07
嘉義縣,170,大埔鄉,2,吳芳銘,397,,12.91
嘉義縣,170,大埔鄉,3,林國龍,35,,1.14
嘉義縣,170,大埔鄉,4,吳育仁,919,,29.89
嘉義縣,180,阿里山鄉,1,翁章梁,1449,*,44.83
嘉義縣,180,阿里山鄉,2,吳芳銘,577,,17.85
嘉義縣,180,阿里山鄉,3,林國龍,40,,1.24
嘉義縣,180,阿里山鄉,4,吳育仁,1166,,36.08
屏東縣,10,屏東市,1,李鎔任,2182,,2.14
屏東縣,10,屏東市,2,蘇清泉,46320,,45.47
屏東縣,10,屏東市,3,潘孟安,53370,*,52.39
屏東縣,20,潮州鎮,1,李鎔任,623,,2.16
屏東縣,20,潮州鎮,2,蘇清泉,12571,,43.62
屏東縣,20,潮州鎮,3,潘孟安,15628,*,54.22
屏東縣,30,東港鎮,1,李鎔任,575,,2.38
屏東縣,30,東港鎮,2,蘇清泉,11387,,47.04
屏東縣,30,東港鎮,3,潘孟安,12243,*,50.58
屏東縣,40,恆春鎮,1,李鎔任,232,,1.4
屏東縣,40,恆春鎮,2,蘇清泉,6729,,40.55
屏東縣,40,恆春鎮,3,潘孟安,9632,*,58.05
屏東縣,50,萬丹鄉,1,李鎔任,825,,2.84
屏東縣,50,萬丹鄉,2,蘇清泉,11272,,38.87
屏東縣,50,萬丹鄉,3,潘孟安,16905,*,58.29
屏東縣,60,長治鄉,1,李鎔任,381,,2.2
屏東縣,60,長治鄉,2,蘇清泉,6939,,40.05
屏東縣,60,長治鄉,3,潘孟安,10006,*,57.75
屏東縣,70,麟洛鄉,1,李鎔任,160,,2.25
屏東縣,70,麟洛鄉,2,蘇清泉,2526,,35.45
屏東縣,70,麟洛鄉,3,潘孟安,4440,*,62.31
屏東縣,80,九如鄉,1,李鎔任,294,,2.22
屏東縣,80,九如鄉,2,蘇清泉,3977,,30.03
屏東縣,80,九如鄉,3,潘孟安,8972,*,67.75
屏東縣,90,里港鄉,1,李鎔任,393,,2.54
屏東縣,90,里港鄉,2,蘇清泉,5371,,34.75
屏東縣,90,里港鄉,3,潘孟安,9692,*,62.71
屏東縣,100,鹽埔鄉,1,李鎔任,387,,2.43
屏東縣,100,鹽埔鄉,2,蘇清泉,6561,,41.2
屏東縣,100,鹽埔鄉,3,潘孟安,8977,*,56.37
屏東縣,110,高樹鄉,1,李鎔任,347,,2.22
屏東縣,110,高樹鄉,2,蘇清泉,5402,,34.53
屏東縣,110,高樹鄉,3,潘孟安,9897,*,63.26
屏東縣,120,萬巒鄉,1,李鎔任,198,,1.61
屏東縣,120,萬巒鄉,2,蘇清泉,3866,,31.41
屏東縣,120,萬巒鄉,3,潘孟安,8245,*,66.98
屏東縣,130,內埔鄉,1,李鎔任,539,,1.86
屏東縣,130,內埔鄉,2,蘇清泉,10697,,36.84
屏東縣,130,內埔鄉,3,潘孟安,17799,*,61.3
屏東縣,140,竹田鄉,1,李鎔任,216,,1.94
屏東縣,140,竹田鄉,2,蘇清泉,4040,,36.23
屏東縣,140,竹田鄉,3,潘孟安,6894,*,61.83
屏東縣,150,新埤鄉,1,李鎔任,100,,1.55
屏東縣,150,新埤鄉,2,蘇清泉,2663,,41.34
屏東縣,150,新埤鄉,3,潘孟安,3678,*,57.1
屏東縣,160,枋寮鄉,1,李鎔任,308,,2.03
屏東縣,160,枋寮鄉,2,蘇清泉,7635,,50.44
屏東縣,160,枋寮鄉,3,潘孟安,7194,*,47.53
屏東縣,170,新園鄉,1,李鎔任,523,,2.52
屏東縣,170,新園鄉,2,蘇清泉,8167,,39.28
屏東縣,170,新園鄉,3,潘孟安,12100,*,58.2
屏東縣,180,崁頂鄉,1,李鎔任,155,,1.87
屏東縣,180,崁頂鄉,2,蘇清泉,3219,,38.8
屏東縣,180,崁頂鄉,3,潘孟安,4923,*,59.33
屏東縣,190,林邊鄉,1,李鎔任,193,,1.71
屏東縣,190,林邊鄉,2,蘇清泉,4376,,38.84
屏東縣,190,林邊鄉,3,潘孟安,6699,*,59.45
屏東縣,200,南州鄉,1,李鎔任,159,,2.25
屏東縣,200,南州鄉,2,蘇清泉,3024,,42.84
屏東縣,200,南州鄉,3,潘孟安,3876,*,54.91
屏東縣,210,佳冬鄉,1,李鎔任,165,,1.39
屏東縣,210,佳冬鄉,2,蘇清泉,4432,,37.29
屏東縣,210,佳冬鄉,3,潘孟安,7288,*,61.32
屏東縣,220,琉球鄉,1,李鎔任,116,,1.69
屏東縣,220,琉球鄉,2,蘇清泉,4763,,69.26
屏東縣,220,琉球鄉,3,潘孟安,1998,*,29.05
屏東縣,230,車城鄉,1,李鎔任,74,,1.4
屏東縣,230,車城鄉,2,蘇清泉,1786,,33.67
屏東縣,230,車城鄉,3,潘孟安,3444,*,64.93
屏東縣,240,滿州鄉,1,李鎔任,89,,1.68
屏東縣,240,滿州鄉,2,蘇清泉,1994,,37.68
屏東縣,240,滿州鄉,3,潘孟安,3209,*,60.64
屏東縣,250,枋山鄉,1,李鎔任,72,,1.85
屏東縣,250,枋山鄉,2,蘇清泉,1385,,35.63
屏東縣,250,枋山鄉,3,潘孟安,2430,*,62.52
屏東縣,260,三地門鄉,1,李鎔任,85,,1.65
屏東縣,260,三地門鄉,2,蘇清泉,2895,,56.14
屏東縣,260,三地門鄉,3,潘孟安,2177,*,42.21
屏東縣,270,霧臺鄉,1,李鎔任,46,,1.85
屏東縣,270,霧臺鄉,2,蘇清泉,1129,,45.34
屏東縣,270,霧臺鄉,3,潘孟安,1315,*,52.81
屏東縣,280,瑪家鄉,1,李鎔任,65,,1.42
屏東縣,280,瑪家鄉,2,蘇清泉,2350,,51.4
屏東縣,280,瑪家鄉,3,潘孟安,2157,*,47.18
屏東縣,290,泰武鄉,1,李鎔任,42,,1.17
屏東縣,290,泰武鄉,2,蘇清泉,1668,,46.62
屏東縣,290,泰武鄉,3,潘孟安,1868,*,52.21
屏東縣,300,來義鄉,1,李鎔任,64,,1.35
屏東縣,300,來義鄉,2,蘇清泉,2673,,56.24
屏東縣,300,來義鄉,3,潘孟安,2016,*,42.42
屏東縣,310,春日鄉,1,李鎔任,71,,2.35
屏東縣,310,春日鄉,2,蘇清泉,1737,,57.38
屏東縣,310,春日鄉,3,潘孟安,1219,*,40.27
屏東縣,320,獅子鄉,1,李鎔任,72,,2.1
屏東縣,320,獅子鄉,2,蘇清泉,2192,,64.02
屏東縣,320,獅子鄉,3,潘孟安,1160,*,33.88
屏東縣,330,牡丹鄉,1,李鎔任,68,,2.13
屏東縣,330,牡丹鄉,2,蘇清泉,1772,,55.41
屏東縣,330,牡丹鄉,3,潘孟安,1358,*,42.46
臺東縣,10,臺東市,1,鄺麗貞,994,,1.78
臺東縣,10,臺東市,2,劉櫂豪,22681,,40.72
臺東縣,10,臺東市,3,黃裕斌,282,,0.51
臺東縣,10,臺東市,4,彭權國,525,,0.94
臺東縣,10,臺東市,5,饒慶鈴,31213,*,56.04
臺東縣,20,成功鎮,1,鄺麗貞,251,,3.41
臺東縣,20,成功鎮,2,劉櫂豪,2536,,34.41
臺東縣,20,成功鎮,3,黃裕斌,43,,0.58
臺東縣,20,成功鎮,4,彭權國,59,,0.8
臺東縣,20,成功鎮,5,饒慶鈴,4481,*,60.8
臺東縣,30,關山鎮,1,鄺麗貞,120,,2.37
臺東縣,30,關山鎮,2,劉櫂豪,1779,,35.12
臺東縣,30,關山鎮,3,黃裕斌,28,,0.55
臺東縣,30,關山鎮,4,彭權國,44,,0.87
臺東縣,30,關山鎮,5,饒慶鈴,3094,*,61.09
臺東縣,40,卑南鄉,1,鄺麗貞,227,,2.36
臺東縣,40,卑南鄉,2,劉櫂豪,3583,,37.28
臺東縣,40,卑南鄉,3,黃裕斌,37,,0.39
臺東縣,40,卑南鄉,4,彭權國,64,,0.67
臺東縣,40,卑南鄉,5,饒慶鈴,5699,*,59.3
臺東縣,50,鹿野鄉,1,鄺麗貞,134,,2.93
臺東縣,50,鹿野鄉,2,劉櫂豪,1992,,43.5
臺東縣,50,鹿野鄉,3,黃裕斌,33,,0.72
臺東縣,50,鹿野鄉,4,彭權國,35,,0.76
臺東縣,50,鹿野鄉,5,饒慶鈴,2385,*,52.09
臺東縣,60,池上鄉,1,鄺麗貞,103,,2.32
臺東縣,60,池上鄉,2,劉櫂豪,1704,,38.4
臺東縣,60,池上鄉,3,黃裕斌,23,,0.52
臺東縣,60,池上鄉,4,彭權國,19,,0.43
臺東縣,60,池上鄉,5,饒慶鈴,2588,*,58.33
臺東縣,70,東河鄉,1,鄺麗貞,160,,3.4
臺東縣,70,東河鄉,2,劉櫂豪,1687,,35.83
臺東縣,70,東河鄉,3,黃裕斌,31,,0.66
臺東縣,70,東河鄉,4,彭權國,48,,1.02
臺東縣,70,東河鄉,5,饒慶鈴,2782,*,59.09
臺東縣,80,長濱鄉,1,鄺麗貞,186,,4.79
臺東縣,80,長濱鄉,2,劉櫂豪,1293,,33.32
臺東縣,80,長濱鄉,3,黃裕斌,25,,0.64
臺東縣,80,長濱鄉,4,彭權國,29,,0.75
臺東縣,80,長濱鄉,5,饒慶鈴,2347,*,60.49
臺東縣,90,太麻里鄉,1,鄺麗貞,164,,2.46
臺東縣,90,太麻里鄉,2,劉櫂豪,2184,,32.75
臺東縣,90,太麻里鄉,3,黃裕斌,33,,0.49
臺東縣,90,太麻里鄉,4,彭權國,37,,0.55
臺東縣,90,太麻里鄉,5,饒慶鈴,4251,*,63.74
臺東縣,100,大武鄉,1,鄺麗貞,126,,3.47
臺東縣,100,大武鄉,2,劉櫂豪,1172,,32.27
臺東縣,100,大武鄉,3,黃裕斌,23,,0.63
臺東縣,100,大武鄉,4,彭權國,29,,0.8
臺東縣,100,大武鄉,5,饒慶鈴,2282,*,62.83
臺東縣,110,綠島鄉,1,鄺麗貞,48,,2.06
臺東縣,110,綠島鄉,2,劉櫂豪,719,,30.81
臺東縣,110,綠島鄉,3,黃裕斌,5,,0.21
臺東縣,110,綠島鄉,4,彭權國,26,,1.11
臺東縣,110,綠島鄉,5,饒慶鈴,1536,*,65.81
臺東縣,120,海端鄉,1,鄺麗貞,68,,3.06
臺東縣,120,海端鄉,2,劉櫂豪,467,,21.04
臺東縣,120,海端鄉,3,黃裕斌,9,,0.41
臺東縣,120,海端鄉,4,彭權國,15,,0.68
臺東縣,120,海端鄉,5,饒慶鈴,1661,*,74.82
臺東縣,130,延平鄉,1,鄺麗貞,104,,4.58
臺東縣,130,延平鄉,2,劉櫂豪,460,,20.25
臺東縣,130,延平鄉,3,黃裕斌,20,,0.88
臺東縣,130,延平鄉,4,彭權國,11,,0.48
臺東縣,130,延平鄉,5,饒慶鈴,1677,*,73.81
臺東縣,140,金峰鄉,1,鄺麗貞,60,,2.45
臺東縣,140,金峰鄉,2,劉櫂豪,606,,24.75
臺東縣,140,金峰鄉,3,黃裕斌,6,,0.25
臺東縣,140,金峰鄉,4,彭權國,6,,0.25
臺東縣,140,金峰鄉,5,饒慶鈴,1770,*,72.3
臺東縣,150,達仁鄉,1,鄺麗貞,97,,3.93
臺東縣,150,達仁鄉,2,劉櫂豪,641,,25.95
臺東縣,150,達仁鄉,3,黃裕斌,16,,0.65
臺東縣,150,達仁鄉,4,彭權國,9,,0.36
臺東縣,150,達仁鄉,5,饒慶鈴,1707,*,69.11
臺東縣,160,蘭嶼鄉,1,鄺麗貞,207,,9.72
臺東縣,160,蘭嶼鄉,2,劉櫂豪,760,,35.7
臺東縣,160,蘭嶼鄉,3,黃裕斌,26,,1.22
臺東縣,160,蘭嶼鄉,4,彭權國,32,,1.5
臺東縣,160,蘭嶼鄉,5,饒慶鈴,1104,*,51.86
花蓮縣,10,花蓮市,1,徐榛蔚,32399,*,65.99
花蓮縣,10,花蓮市,2,劉曉玫,15065,,30.68
花蓮縣,10,花蓮市,3,黄師鵬,1635,,3.33
花蓮縣,20,鳳林鎮,1,徐榛蔚,4991,*,76.26
花蓮縣,20,鳳林鎮,2,劉曉玫,1418,,21.67
花蓮縣,20,鳳林鎮,3,黄師鵬,136,,2.08
花蓮縣,30,玉里鎮,1,徐榛蔚,9193,*,76.13
花蓮縣,30,玉里鎮,2,劉曉玫,2646,,21.91
花蓮縣,30,玉里鎮,3,黄師鵬,237,,1.96
花蓮縣,40,新城鄉,1,徐榛蔚,7551,*,71.41
花蓮縣,40,新城鄉,2,劉曉玫,2716,,25.69
花蓮縣,40,新城鄉,3,黄師鵬,307,,2.9
花蓮縣,50,吉安鄉,1,徐榛蔚,28510,*,68.51
花蓮縣,50,吉安鄉,2,劉曉玫,11845,,28.46
花蓮縣,50,吉安鄉,3,黄師鵬,1260,,3.03
花蓮縣,60,壽豐鄉,1,徐榛蔚,7438,*,71.53
花蓮縣,60,壽豐鄉,2,劉曉玫,2732,,26.27
花蓮縣,60,壽豐鄉,3,黄師鵬,229,,2.2
花蓮縣,70,光復鄉,1,徐榛蔚,5830,*,77.36
花蓮縣,70,光復鄉,2,劉曉玫,1553,,20.61
花蓮縣,70,光復鄉,3,黄師鵬,153,,2.03
花蓮縣,80,豐濱鄉,1,徐榛蔚,2471,*,77.7
花蓮縣,80,豐濱鄉,2,劉曉玫,629,,19.78
花蓮縣,80,豐濱鄉,3,黄師鵬,80,,2.52
花蓮縣,90,瑞穗鄉,1,徐榛蔚,5010,*,75.78
花蓮縣,90,瑞穗鄉,2,劉曉玫,1487,,22.49
花蓮縣,90,瑞穗鄉,3,黄師鵬,114,,1.72
花蓮縣,100,富里鄉,1,徐榛蔚,4628,*,77.81
花蓮縣,100,富里鄉,2,劉曉玫,1229,,20.66
花蓮縣,100,富里鄉,3,黄師鵬,91,,1.53
花蓮縣,110,秀林鄉,1,徐榛蔚,7074,*,80.55
花蓮縣,110,秀林鄉,2,劉曉玫,1629,,18.55
花蓮縣,110,秀林鄉,3,黄師鵬,79,,0.9
花蓮縣,120,萬榮鄉,1,徐榛蔚,3205,*,83.7
花蓮縣,120,萬榮鄉,2,劉曉玫,567,,14.81
花蓮縣,120,萬榮鄉,3,黄師鵬,57,,1.49
花蓮縣,130,卓溪鄉,1,徐榛蔚,2997,*,88.1
花蓮縣,130,卓溪鄉,2,劉曉玫,363,,10.67
花蓮縣,130,卓溪鄉,3,黄師鵬,42,,1.23
澎湖縣,10,馬公市,1,翁珍聖,664,,2.13
澎湖縣,10,馬公市,2,鄭清發,2536,,8.15
澎湖縣,10,馬公市,3,陳大松,4215,,13.54
澎湖縣,10,馬公市,4,吳政隆,1606,,5.16
澎湖縣,10,馬公市,5,賴峰偉,12806,*,41.14
澎湖縣,10,馬公市,6,陳光復,9043,,29.05
澎湖縣,10,馬公市,7,呂華苑,257,,0.83
澎湖縣,20,湖西鄉,1,翁珍聖,93,,1.19
澎湖縣,20,湖西鄉,2,鄭清發,797,,10.17
澎湖縣,20,湖西鄉,3,陳大松,563,,7.18
澎湖縣,20,湖西鄉,4,吳政隆,733,,9.35
澎湖縣,20,湖西鄉,5,賴峰偉,2452,*,31.28
澎湖縣,20,湖西鄉,6,陳光復,3084,,39.34
澎湖縣,20,湖西鄉,7,呂華苑,117,,1.49
澎湖縣,30,白沙鄉,1,翁珍聖,95,,1.86
澎湖縣,30,白沙鄉,2,鄭清發,322,,6.29
澎湖縣,30,白沙鄉,3,陳大松,475,,9.28
澎湖縣,30,白沙鄉,4,吳政隆,306,,5.98
澎湖縣,30,白沙鄉,5,賴峰偉,1951,*,38.13
澎湖縣,30,白沙鄉,6,陳光復,1931,,37.74
澎湖縣,30,白沙鄉,7,呂華苑,37,,0.72
澎湖縣,40,西嶼鄉,1,翁珍聖,434,,10.73
澎湖縣,40,西嶼鄉,2,鄭清發,218,,5.39
澎湖縣,40,西嶼鄉,3,陳大松,305,,7.54
澎湖縣,40,西嶼鄉,4,吳政隆,209,,5.17
澎湖縣,40,西嶼鄉,5,賴峰偉,1558,*,38.54
澎湖縣,40,西嶼鄉,6,陳光復,1294,,32.01
澎湖縣,40,西嶼鄉,7,呂華苑,25,,0.62
澎湖縣,50,望安鄉,1,翁珍聖,70,,2.4
澎湖縣,50,望安鄉,2,鄭清發,392,,13.44
澎湖縣,50,望安鄉,3,陳大松,195,,6.69
澎湖縣,50,望安鄉,4,吳政隆,88,,3.02
澎湖縣,50,望安鄉,5,賴峰偉,841,*,28.84
澎湖縣,50,望安鄉,6,陳光復,1310,,44.92
澎湖縣,50,望安鄉,7,呂華苑,20,,0.69
澎湖縣,60,七美鄉,1,翁珍聖,23,,1.23
澎湖縣,60,七美鄉,2,鄭清發,65,,3.47
澎湖縣,60,七美鄉,3,陳大松,69,,3.68
澎湖縣,60,七美鄉,4,吳政隆,57,,3.04
澎湖縣,60,七美鄉,5,賴峰偉,962,*,51.36
澎湖縣,60,七美鄉,6,陳光復,685,,36.57
澎湖縣,60,七美鄉,7,呂華苑,12,,0.64
基隆市,10,中正區,1,謝立功,12009,,47.21
基隆市,10,中正區,2,林右昌,13431,*,52.79
基隆市,20,七堵區,1,謝立功,11745,,42.5
基隆市,20,七堵區,2,林右昌,15891,*,57.5
基隆市,30,暖暖區,1,謝立功,9222,,46.76
基隆市,30,暖暖區,2,林右昌,10500,*,53.24
基隆市,40,仁愛區,1,謝立功,9877,,44.13
基隆市,40,仁愛區,2,林右昌,12507,*,55.87
基隆市,50,中山區,1,謝立功,11424,,45.51
基隆市,50,中山區,2,林右昌,13678,*,54.49
基隆市,60,安樂區,1,謝立功,18580,,45.04
基隆市,60,安樂區,2,林右昌,22676,*,54.96
基隆市,70,信義區,1,謝立功,13672,,50.35
基隆市,70,信義區,2,林右昌,13484,*,49.65
新竹市,10,東區,1,謝文進,19364,,19.45
新竹市,10,東區,2,李驥羣,323,,0.32
新竹市,10,東區,3,黃源甫,2165,,2.17
新竹市,10,東區,4,許明財,29097,,29.23
新竹市,10,東區,5,郭榮睿,261,,0.26
新竹市,10,東區,6,林智堅,48346,*,48.56
新竹市,20,北區,1,謝文進,17017,,22.39
新竹市,20,北區,2,李驥羣,236,,0.31
新竹市,20,北區,3,黃源甫,1053,,1.39
新竹市,20,北區,4,許明財,20850,,27.43
新竹市,20,北區,5,郭榮睿,195,,0.26
新竹市,20,北區,6,林智堅,36655,*,48.23
新竹市,30,香山區,1,謝文進,7720,,18.58
新竹市,30,香山區,2,李驥羣,146,,0.35
新竹市,30,香山區,3,黃源甫,385,,0.93
新竹市,30,香山區,4,許明財,10561,,25.42
新竹市,30,香山區,5,郭榮睿,118,,0.28
新竹市,30,香山區,6,林智堅,22611,*,54.43
嘉義市,10,東區,1,蕭淑麗,10703,,16.95
嘉義市,10,東區,2,黃敏惠,27558,*,43.64
嘉義市,10,東區,3,黃宏成台灣阿成世界偉人財神總統,806,,1.28
嘉義市,10,東區,4,涂醒哲,24081,,38.13
嘉義市,20,西區,1,蕭淑麗,14869,,18.81
嘉義市,20,西區,2,黃敏惠,31000,*,39.21
嘉義市,20,西區,3,黃宏成台灣阿成世界偉人財神總統,1016,,1.29
嘉義市,20,西區,4,涂醒哲,32175,,40.7
